Workbook

Sheet Statistical_Analysis
A1: station | B1: model | C1: experiment | D1: input | E1: input_length_tokens | F1: duration_seconds | G1: human_eval | H1: g_eval | I1: Difference
A2: d131 | B2: qwen | C2: Experiment 1 | D2: FI | E2: 3924 | F2: 48.55 | G2: ='d131 #1'!F3 -> 3.65 | H2: 3.5 | I2: =ABS(H2-G2) -> 0.15
A3: d131 | B3: qwen | C3: Experiment 1 | D3: P | E3: 8866 | F3: 60.65 | G3: ='d131 #1'!F4 -> 3.65 | H3: 3.65 | I3: =ABS(H3-G3) -> 0
A4: d131 | B4: qwen | C4: Experiment 1 | D4: FI + P | E4: 9097 | F4: 59.3 | G4: ='d131 #1'!F5 -> 3.3 | H4: 3.3 | I4: =ABS(H4-G4) -> 4.4408921e-16
A5: d131 | B5: deepseek | C5: Experiment 1 | D5: FI | E5: 2669 | F5: 66.6 | G5: ='d131 #1'!F6 -> 2.3 | H5: 2.5 | I5: =ABS(H5-G5) -> 0.2
A6: d131 | B6: deepseek | C6: Experiment 1 | D6: P | E6: 5601 | F6: 206.04 | G6: ='d131 #1'!F7 -> 3.65 | H6: 3.3 | I6: =ABS(H6-G6) -> 0.35
A7: d131 | B7: deepseek | C7: Experiment 1 | D7: FI + P | E7: 5743 | F7: 116.24 | G7: ='d131 #1'!F8 -> 3.4 | H7: 3.3 | I7: =ABS(H7-G7) -> 0.1
A8: d131 | B8: kimi | C8: Experiment 1 | D8: FI | E8: 2669 | F8: 24.46 | G8: ='d131 #1'!F9 -> 3.3 | H8: 3.3 | I8: =ABS(H8-G8) -> 4.4408921e-16
A9: d131 | B9: kimi | C9: Experiment 1 | D9: P | E9: 5566 | F9: 26.88 | G9: ='d131 #1'!F10 -> 3.25 | H9: 3.05 | I9: =ABS(H9-G9) -> 0.2
A10: d131 | B10: kimi | C10: Experiment 1 | D10: FI + P | E10: 5705 | F10: 24.95 | G10: ='d131 #1'!F11 -> 3.4 | H10: 3.3 | I10: =ABS(H10-G10) -> 0.1
A11: d393 | B11: qwen | C11: Experiment 1 | D11: FI | E11: 1927 | F11: 43.72 | G11: ='d393 #1'!F3 -> 4.35 | H11: 4.7 | I11: =ABS(H11-G11) -> 0.35
A12: d393 | B12: qwen | C12: Experiment 1 | D12: P | E12: 4317 | F12: 72.33 | G12: ='d393 #1'!F4 -> 4.2 | H12: 4.2 | I12: =ABS(H12-G12) -> 0
A13: d393 | B13: qwen | C13: Experiment 1 | D13: FI + P | E13: 4547 | F13: 57.89 | G13: ='d393 #1'!F5 -> 4.2 | H13: 4.1 | I13: =ABS(H13-G13) -> 0.1
A14: d393 | B14: deepseek | C14: Experiment 1 | D14: FI | E14: 1549 | F14: 97.2 | G14: ='d393 #1'!F6 -> 3.55 | H14: 3.8 | I14: =ABS(H14-G14) -> 0.25
A15: d393 | B15: deepseek | C15: Experiment 1 | D15: P | E15: 3064 | F15: 116.94 | G15: ='d393 #1'!F7 -> 3.9 | H15: 3.9 | I15: =ABS(H15-G15) -> 4.4408921e-16
A16: d393 | B16: deepseek | C16: Experiment 1 | D16: FI + P | E16: 3205 | F16: 121.81 | G16: ='d393 #1'!F8 -> 4.55 | H16: 4.6 | I16: =ABS(H16-G16) -> 0.05
A17: d393 | B17: kimi | C17: Experiment 1 | D17: FI | E17: 1550 | F17: 28.43 | G17: ='d393 #1'!F9 -> 4.1 | H17: 4.1 | I17: =ABS(H17-G17) -> 0
A18: d393 | B18: kimi | C18: Experiment 1 | D18: P | E18: 3034 | F18: 11.72 | G18: ='d393 #1'!F10 -> 3.95 | H18: 3.85 | I18: =ABS(H18-G18) -> 0.1
A19: d393 | B19: kimi | C19: Experiment 1 | D19: FI + P | E19: 3172 | F19: 27.51 | G19: ='d393 #1'!F11 -> 3.9 | H19: 3.8 | I19: =ABS(H19-G19) -> 0.1
A20: d1456 | B20: qwen | C20: Experiment 1 | D20: FI | E20: 3930 | F20: 60.04 | G20: ='d1456 #1'!F3 -> 4.1 | H20: 4.1 | I20: =ABS(H20-G20) -> 0
A21: d1456 | B21: qwen | C21: Experiment 1 | D21: P | E21: 8680 | F21: 55.56 | G21: ='d1456 #1'!F4 -> 4.2 | H21: 4.2 | I21: =ABS(H21-G21) -> 0
A22: d1456 | B22: qwen | C22: Experiment 1 | D22: FI + P | E22: 8914 | F22: 67 | G22: ='d1456 #1'!F5 -> 3.9 | H22: 4.15 | I22: =ABS(H22-G22) -> 0.25
A23: d1456 | B23: deepseek | C23: Experiment 1 | D23: FI | E23: 2668 | F23: 86.88 | G23: ='d1456 #1'!F6 -> 3.65 | H23: 3.9 | I23: =ABS(H23-G23) -> 0.25
A24: d1456 | B24: deepseek | C24: Experiment 1 | D24: P | E24: 5480 | F24: 92.22 | G24: ='d1456 #1'!F7 -> 3.45 | H24: 3.55 | I24: =ABS(H24-G24) -> 0.1
A25: d1456 | B25: deepseek | C25: Experiment 1 | D25: FI + P | E25: 5622 | F25: 82.61 | G25: ='d1456 #1'!F8 -> 3.8 | H25: 3.85 | I25: =ABS(H25-G25) -> 0.05
A26: d1456 | B26: kimi | C26: Experiment 1 | D26: FI | E26: 2670 | F26: 21.64 | G26: ='d1456 #1'!F9 -> 3.65 | H26: 3.55 | I26: =ABS(H26-G26) -> 0.1
A27: d1456 | B27: kimi | C27: Experiment 1 | D27: P | E27: 5450 | F27: 34.48 | G27: ='d1456 #1'!F10 -> 4.1 | H27: 4.1 | I27: =ABS(H27-G27) -> 0
A28: d1456 | B28: kimi | C28: Experiment 1 | D28: FI + P | E28: 5589 | F28: 46.06 | G28: ='d1456 #1'!F11 -> 3.85 | H28: 3.85 | I28: =ABS(H28-G28) -> 4.4408921e-16
A29: d3235 | B29: qwen | C29: Experiment 1 | D29: FI | E29: 3929 | F29: 52.85 | G29: ='d3235 #1'!F3 -> 3.75 | H29: 3.85 | I29: =ABS(H29-G29) -> 0.1
A30: d3235 | B30: qwen | C30: Experiment 1 | D30: P | E30: 8653 | F30: 63.44 | G30: ='d3235 #1'!F4 -> 4.2 | H30: 4.15 | I30: =ABS(H30-G30) -> 0.05
A31: d3235 | B31: qwen | C31: Experiment 1 | D31: FI + P | E31: 8888 | F31: 64.31 | G31: ='d3235 #1'!F5 -> 3.9 | H31: 3.8 | I31: =ABS(H31-G31) -> 0.1
A32: d3235 | B32: deepseek | C32: Experiment 1 | D32: FI | E32: 2670 | F32: 87.94 | G32: ='d3235 #1'!F6 -> 4 | H32: 4.25 | I32: =ABS(H32-G32) -> 0.25
A33: d3235 | B33: deepseek | C33: Experiment 1 | D33: P | E33: 5486 | F33: 50.65 | G33: ='d3235 #1'!F7 -> 3.8 | H33: 3.8 | I33: =ABS(H33-G33) -> 4.4408921e-16
A34: d3235 | B34: deepseek | C34: Experiment 1 | D34: FI + P | E34: 5628 | F34: 106.3 | G34: ='d3235 #1'!F8 -> 4.1 | H34: 4.1 | I34: =ABS(H34-G34) -> 0
A35: d3235 | B35: kimi | C35: Experiment 1 | D35: FI | E35: 2671 | F35: 37.19 | G35: ='d3235 #1'!F9 -> 4.55 | H35: 4.55 | I35: =ABS(H35-G35) -> 8.8817842e-16
A36: d3235 | B36: kimi | C36: Experiment 1 | D36: P | E36: 5456 | F36: 89.83 | G36: ='d3235 #1'!F10 -> 3.95 | H36: 3.85 | I36: =ABS(H36-G36) -> 0.1
A37: d3235 | B37: kimi | C37: Experiment 1 | D37: FI + P | E37: 5595 | F37: 50.28 | G37: ='d3235 #1'!F11 -> 3.4 | H37: 3.3 | I37: =ABS(H37-G37) -> 0.1
A38: d131 | B38: qwen | C38: Experiment 2 | D38: FI | E38: 4296 | F38: 64.09 | G38: ='d131 #2'!F3 -> 2.95 | H38: 2.85 | I38: =ABS(H38-G38) -> 0.1
A39: d131 | B39: qwen | C39: Experiment 2 | D39: P | E39: 12637 | F39: 59.2 | G39: ='d131 #2'!F4 -> 3.65 | H39: 3.65 | I39: =ABS(H39-G39) -> 4.4408921e-16
A40: d131 | B40: qwen | C40: Experiment 2 | D40: FI + P | E40: 14036 | F40: 65.96 | G40: ='d131 #2'!F5 -> 3.9 | H40: 4 | I40: =ABS(H40-G40) -> 0.1
A41: d131 | B41: deepseek | C41: Experiment 2 | D41: FI | E41: 3412 | F41: 63.83 | G41: ='d131 #2'!F6 -> 4 | H41: 3.9 | I41: =ABS(H41-G41) -> 0.1
A42: d131 | B42: deepseek | C42: Experiment 2 | D42: P | E42: 9998 | F42: 54.91 | G42: ='d131 #2'!F7 -> 4.1 | H42: 4.25 | I42: =ABS(H42-G42) -> 0.15
A43: d131 | B43: deepseek | C43: Experiment 2 | D43: FI + P | E43: 10853 | F43: 131.18 | G43: ='d131 #2'!F8 -> 4.2 | H43: 4.2 | I43: =ABS(H43-G43) -> 8.8817842e-16
A44: d131 | B44: kimi | C44: Experiment 2 | D44: FI | E44: 3346 | F44: 29.02 | G44: ='d131 #2'!F9 -> 3.65 | H44: 3.55 | I44: =ABS(H44-G44) -> 0.1
A45: d131 | B45: kimi | C45: Experiment 2 | D45: P | E45: 9689 | F45: 47.76 | G45: ='d131 #2'!F10 -> 4.3 | H45: 4.25 | I45: =ABS(H45-G45) -> 0.05
A46: d131 | B46: kimi | C46: Experiment 2 | D46: FI + P | E46: 10521 | F46: 39.33 | G46: ='d131 #2'!F11 -> 3.55 | H46: 3.55 | I46: =ABS(H46-G46) -> 4.4408921e-16
A47: d393 | B47: qwen | C47: Experiment 2 | D47: FI | E47: 3612 | F47: 172.93 | G47: ='d393 #2'!F3 -> 4.1 | H47: 4.2 | I47: =ABS(H47-G47) -> 0.1
A48: d393 | B48: qwen | C48: Experiment 2 | D48: P | E48: 9140 | F48: 277.34 | G48: ='d393 #2'!F4 -> 4.1 | H48: 4.2 | I48: =ABS(H48-G48) -> 0.1
A49: d393 | B49: qwen | C49: Experiment 2 | D49: FI + P | E49: 10298 | F49: 126.77 | G49: ='d393 #2'!F5 -> 4.2 | H49: 4.25 | I49: =ABS(H49-G49) -> 0.05
A50: d393 | B50: deepseek | C50: Experiment 2 | D50: FI | E50: 2903 | F50: 86.28 | G50: ='d393 #2'!F6 -> 4.1 | H50: 4.25 | I50: =ABS(H50-G50) -> 0.15
A51: d393 | B51: deepseek | C51: Experiment 2 | D51: P | E51: 7275 | F51: 169.79 | G51: ='d393 #2'!F7 -> 3.9 | H51: 4.1 | I51: =ABS(H51-G51) -> 0.2
A52: d393 | B52: deepseek | C52: Experiment 2 | D52: FI + P | E52: 7985 | F52: 164.39 | G52: ='d393 #2'!F8 -> 4.7 | H52: 4.7 | I52: =ABS(H52-G52) -> 8.8817842e-16
A53: d393 | B53: kimi | C53: Experiment 2 | D53: FI | E53: 2841 | F53: 24.02 | G53: ='d393 #2'!F9 -> 4.55 | H53: 4.55 | I53: =ABS(H53-G53) -> 8.8817842e-16
A54: d393 | B54: kimi | C54: Experiment 2 | D54: P | E54: 7025 | F54: 43.89 | G54: ='d393 #2'!F10 -> 3.85 | H54: 3.85 | I54: =ABS(H54-G54) -> 4.4408921e-16
A55: d393 | B55: kimi | C55: Experiment 2 | D55: FI + P | E55: 7716 | F55: 35.56 | G55: ='d393 #2'!F11 -> 4.4 | H55: 4.4 | I55: =ABS(H55-G55) -> 0
A56: d1456 | B56: qwen | C56: Experiment 2 | D56: FI | E56: 3764 | F56: 135.57 | G56: ='d1456 #2'!F3 -> 3.9 | H56: 4.05 | I56: =ABS(H56-G56) -> 0.15
A57: d1456 | B57: qwen | C57: Experiment 2 | D57: P | E57: 9712 | F57: 140.74 | G57: ='d1456 #2'!F4 -> 4.1 | H57: 4.15 | I57: =ABS(H57-G57) -> 0.05
A58: d1456 | B58: qwen | C58: Experiment 2 | D58: FI + P | E58: 10888 | F58: 119.63 | G58: ='d1456 #2'!F5 -> 3.9 | H58: 4 | I58: =ABS(H58-G58) -> 0.1
A59: d1456 | B59: deepseek | C59: Experiment 2 | D59: FI | E59: 2995 | F59: 17.67 | G59: ='d1456 #2'!F6 -> 4 | H59: 4.05 | I59: =ABS(H59-G59) -> 0.05
A60: d1456 | B60: deepseek | C60: Experiment 2 | D60: P | E60: 7694 | F60: 22.4 | G60: ='d1456 #2'!F7 -> 3.2 | H60: 3.25 | I60: =ABS(H60-G60) -> 0.05
A61: d1456 | B61: deepseek | C61: Experiment 2 | D61: FI + P | E61: 8407 | F61: 22.76 | G61: ='d1456 #2'!F8 -> 4.2 | H61: 4.1 | I61: =ABS(H61-G61) -> 0.1
A62: d1456 | B62: kimi | C62: Experiment 2 | D62: FI | E62: 2954 | F62: 22.56 | G62: ='d1456 #2'!F9 -> 3.65 | H62: 3.55 | I62: =ABS(H62-G62) -> 0.1
A63: d1456 | B63: kimi | C63: Experiment 2 | D63: P | E63: 7476 | F63: 35.4 | G63: ='d1456 #2'!F10 -> 4.1 | H63: 4.1 | I63: =ABS(H63-G63) -> 0
A64: d1456 | B64: kimi | C64: Experiment 2 | D64: FI + P | E64: 8170 | F64: 25.67 | G64: ='d1456 #2'!F11 -> 3.65 | H64: 3.55 | I64: =ABS(H64-G64) -> 0.1
A65: d3235 | B65: qwen | C65: Experiment 2 | D65: FI | E65: 3730 | F65: 264.14 | G65: ='d3235 #2'!F3 -> 4.1 | H65: 4.1 | I65: =ABS(H65-G65) -> 0
A66: d3235 | B66: qwen | C66: Experiment 2 | D66: P | E66: 9489 | F66: 64.04 | G66: ='d3235 #2'!F4 -> 3.65 | H66: 3.55 | I66: =ABS(H66-G66) -> 0.1
A67: d3235 | B67: qwen | C67: Experiment 2 | D67: FI + P | E67: 10660 | F67: 50.48 | G67: ='d3235 #2'!F5 -> 3.75 | H67: 3.85 | I67: =ABS(H67-G67) -> 0.1
A68: d3235 | B68: deepseek | C68: Experiment 2 | D68: FI | E68: 2992 | F68: 17.38 | G68: ='d3235 #2'!F6 -> 3.3 | H68: 3.2 | I68: =ABS(H68-G68) -> 0.1
A69: d3235 | B69: deepseek | C69: Experiment 2 | D69: P | E69: 7615 | F69: 20.77 | G69: ='d3235 #2'!F7 -> 4.1 | H69: 4.1 | I69: =ABS(H69-G69) -> 0
A70: d3235 | B70: deepseek | C70: Experiment 2 | D70: FI + P | E70: 8327 | F70: 16.09 | G70: ='d3235 #2'!F8 -> 4 | H70: 4.1 | I70: =ABS(H70-G70) -> 0.1
A71: d3235 | B71: kimi | C71: Experiment 2 | D71: FI | E71: 2932 | F71: 26.36 | G71: ='d3235 #2'!F9 -> 4.9 | H71: 5 | I71: =ABS(H71-G71) -> 0.1
A72: d3235 | B72: kimi | C72: Experiment 2 | D72: P | E72: 7360 | F72: 26.37 | G72: ='d3235 #2'!F10 -> 4.1 | H72: 4.1 | I72: =ABS(H72-G72) -> 0
A73: d3235 | B73: kimi | C73: Experiment 2 | D73: FI + P | E73: 8053 | F73: 46.65 | G73: ='d3235 #2'!F11 -> 4.65 | H73: 4.65 | I73: =ABS(H73-G73) -> 0
A74: d131 | B74: qwen | C74: Experiment 3 | D74: FI | E74: 3100 | F74: 100.74 | G74: ='d131 #3'!F3 -> 4.1 | H74: 4.1 | I74: =ABS(H74-G74) -> 0
A75: d131 | B75: qwen | C75: Experiment 3 | D75: P | E75: 8624 | F75: 50.3 | G75: ='d131 #3'!F4 -> 4.3 | H75: 4.25 | I75: =ABS(H75-G75) -> 0.05
A76: d131 | B76: qwen | C76: Experiment 3 | D76: FI + P | E76: 9079 | F76: 94.9 | G76: ='d131 #3'!F5 -> 4.3 | H76: 4.25 | I76: =ABS(H76-G76) -> 0.05
A77: d131 | B77: deepseek | C77: Experiment 3 | D77: FI | E77: 2755 | F77: 31.88 | G77: ='d131 #3'!F6 -> 4.1 | H77: 4.1 | I77: =ABS(H77-G77) -> 0
A78: d131 | B78: deepseek | C78: Experiment 3 | D78: P | E78: 7408 | F78: 23.4 | G78: ='d131 #3'!F7 -> 4.2 | H78: 4.25 | I78: =ABS(H78-G78) -> 0.05
A79: d131 | B79: deepseek | C79: Experiment 3 | D79: FI + P | E79: 7830 | F79: 18.85 | G79: ='d131 #3'!F8 -> 4.2 | H79: 4.15 | I79: =ABS(H79-G79) -> 0.05
A80: d131 | B80: kimi | C80: Experiment 3 | D80: FI | E80: 2760 | F80: 23.12 | G80: ='d131 #3'!F9 -> 3.4 | H80: 3.25 | I80: =ABS(H80-G80) -> 0.15
A81: d131 | B81: kimi | C81: Experiment 3 | D81: P | E81: 7291 | F81: 55.51 | G81: ='d131 #3'!F10 -> 3.85 | H81: 3.85 | I81: =ABS(H81-G81) -> 4.4408921e-16
A82: d131 | B82: kimi | C82: Experiment 3 | D82: FI + P | E82: 7705 | F82: 26.2 | G82: ='d131 #3'!F11 -> 4.75 | H82: 4.75 | I82: =ABS(H82-G82) -> 0
A83: d393 | B83: qwen | C83: Experiment 3 | D83: FI | E83: 2624 | F83: 50.53 | G83: ='d393 #3'!F3 -> 4.1 | H83: 4.2 | I83: =ABS(H83-G83) -> 0.1
A84: d393 | B84: qwen | C84: Experiment 3 | D84: P | E84: 6629 | F84: 939.74 | G84: ='d393 #3'!F4 -> 4.2 | H84: 4.15 | I84: =ABS(H84-G84) -> 0.05
A85: d393 | B85: qwen | C85: Experiment 3 | D85: FI + P | E85: 7014 | F85: 40.62 | G85: ='d393 #3'!F5 -> 4.35 | H85: 4.45 | I85: =ABS(H85-G85) -> 0.1
A86: d393 | B86: deepseek | C86: Experiment 3 | D86: FI | E86: 2361 | F86: 22.95 | G86: ='d393 #3'!F6 -> 4.1 | H86: 4.15 | I86: =ABS(H86-G86) -> 0.05
A87: d393 | B87: deepseek | C87: Experiment 3 | D87: P | E87: 5748 | F87: 19.8 | G87: ='d393 #3'!F7 -> 3.3 | H87: 3.25 | I87: =ABS(H87-G87) -> 0.05
A88: d393 | B88: deepseek | C88: Experiment 3 | D88: FI + P | E88: 6106 | F88: 19.6 | G88: ='d393 #3'!F8 -> 4.1 | H88: 4.15 | I88: =ABS(H88-G88) -> 0.05
A89: d393 | B89: kimi | C89: Experiment 3 | D89: FI | E89: 2361 | F89: 31.41 | G89: ='d393 #3'!F9 -> 3.85 | H89: 3.85 | I89: =ABS(H89-G89) -> 4.4408921e-16
A90: d393 | B90: kimi | C90: Experiment 3 | D90: P | E90: 5646 | F90: 24.22 | G90: ='d393 #3'!F10 -> 3.55 | H90: 3.45 | I90: =ABS(H90-G90) -> 0.1
A91: d393 | B91: kimi | C91: Experiment 3 | D91: FI + P | E91: 5997 | F91: 21.24 | G91: ='d393 #3'!F11 -> 3.9 | H91: 3.8 | I91: =ABS(H91-G91) -> 0.1
A92: d1456 | B92: qwen | C92: Experiment 3 | D92: FI | E92: 2799 | F92: 34.85 | G92: ='d1456 #3'!F3 -> 4.55 | H92: 4.45 | I92: =ABS(H92-G92) -> 0.1
A93: d1456 | B93: qwen | C93: Experiment 3 | D93: P | E93: 6882 | F93: 93.7 | G93: ='d1456 #3'!F4 -> 3.5 | H93: 3.45 | I93: =ABS(H93-G93) -> 0.05
A94: d1456 | B94: qwen | C94: Experiment 3 | D94: FI + P | E94: 7258 | F94: 87.11 | G94: ='d1456 #3'!F5 -> 3.75 | H94: 3.75 | I94: =ABS(H94-G94) -> 0
A95: d1456 | B95: deepseek | C95: Experiment 3 | D95: FI | E95: 2479 | F95: 25.45 | G95: ='d1456 #3'!F6 -> 4.1 | H95: 4.15 | I95: =ABS(H95-G95) -> 0.05
A96: d1456 | B96: deepseek | C96: Experiment 3 | D96: P | E96: 5919 | F96: 20.5 | G96: ='d1456 #3'!F7 -> 4.1 | H96: 4.1 | I96: =ABS(H96-G96) -> 0
A97: d1456 | B97: deepseek | C97: Experiment 3 | D97: FI + P | E97: 6269 | F97: 25 | G97: ='d1456 #3'!F8 -> 4.2 | H97: 4.15 | I97: =ABS(H97-G97) -> 0.05
A98: d1456 | B98: kimi | C98: Experiment 3 | D98: FI | E98: 2500 | F98: 33 | G98: ='d1456 #3'!F9 -> 3.75 | H98: 3.65 | I98: =ABS(H98-G98) -> 0.1
A99: d1456 | B99: kimi | C99: Experiment 3 | D99: P | E99: 5856 | F99: 39.05 | G99: ='d1456 #3'!F10 -> 4.2 | H99: 4.1 | I99: =ABS(H99-G99) -> 0.1
A100: d1456 | B100: kimi | C100: Experiment 3 | D100: FI + P | E100: 6198 | F100: 46.81 | G100: ='d1456 #3'!F11 -> 4.2 | H100: 4.1 | I100: =ABS(H100-G100) -> 0.1
...

Sheet d3235 #4
A1: Max Score: | B1: 5
F2: Weighted Score:
A3: gwen3.5 | FI | F3: =D12 -> 3.1
A4: Metric | B4: Weight | C4: Score [1,5] | D4: Weighted Score | F4: =D23 -> 3.2
A5: Is the explanation technically correct and based on the information provided without distorting the diagnostic information? (Soundness) | B5: 0.25 | C5: 3 | D5: =C5*B5 -> 0.75 | F5: =D34 -> 3.55
A6: Is the explanation readable, coherent and easy to understand for non-experts? (Fluency) | B6: 0.1 | C6: 5 | D6: =C6*B6 -> 0.5 | F6: =D45 -> 4.45
A7: Is the available information used for the reasoning? (Performance/Feature Importance/Combination) (Completeness) | B7: 0.1 | C7: 2 | D7: =C7*B7 -> 0.2 | F7: =D56 -> 4.2
A8: Does it answer why the specific device is behaving unusually or has a bad performance? (Completeness) | B8: 0.1 | C8: 3 | D8: =C8*B8 -> 0.3 | F8: =D67 -> 4.65
A9: Does it provide actionable insights that support the decision making? (Completeness) | B9: 0.1 | C9: 2 | D9: =C9*B9 -> 0.2
A10: Is there a coherent argumentation and reasoning provided for the interpretation based on the information provided? (Context-Awareness) | B10: 0.25 | C10: 3 | D10: =C10*B10 -> 0.75
A11: Does it avoid irrelevant and excessive information and is concise? (Length) | B11: 0.1 | C11: 4 | D11: =C11*B11 -> 0.4
B12: =SUM(B5:B11) -> 1 | D12: =SUM(D5:D11) -> 3.1
A14: gwen3.5 | P
A15: Metric | B15: Weight | C15: Score [1,5] | D15: Weighted Score
A16: Is the explanation technically correct and based on the information provided without distorting the diagnostic information? (Soundness) | B16: 0.25 | C16: 3 | D16: =C16*B16 -> 0.75
A17: Is the explanation readable, coherent and easy to understand for non-experts? (Fluency) | B17: 0.1 | C17: 4 | D17: =C17*B17 -> 0.4
A18: Is the available information used for the reasoning? (Performance/Feature Importance/Combination) (Completeness) | B18: 0.1 | C18: 3 | D18: =C18*B18 -> 0.3
A19: Does it answer why the specific device is behaving unusually or has a bad performance? (Completeness) | B19: 0.1 | C19: 3 | D19: =C19*B19 -> 0.3
A20: Does it provide actionable insights that support the decision making? (Completeness) | B20: 0.1 | C20: 3 | D20: =C20*B20 -> 0.3
A21: Is there a coherent argumentation and reasoning provided for the interpretation based on the information provided? (Context-Awareness) | B21: 0.25 | C21: 3 | D21: =C21*B21 -> 0.75
A22: Does it avoid irrelevant and excessive information and is concise? (Length) | B22: 0.1 | C22: 4 | D22: =C22*B22 -> 0.4
B23: =SUM(B16:B22) -> 1 | D23: =SUM(D16:D22) -> 3.2
A25: gwen3.5 | FI + P
A26: Metric | B26: Weight | C26: Score [1,5] | D26: Weighted Score
A27: Is the explanation technically correct and based on the information provided without distorting the diagnostic information? (Soundness) | B27: 0.25 | C27: 3 | D27: =C27*B27 -> 0.75
A28: Is the explanation readable, coherent and easy to understand for non-experts? (Fluency) | B28: 0.1 | C28: 5 | D28: =C28*B28 -> 0.5
A29: Is the available information used for the reasoning? (Performance/Feature Importance/Combination) (Completeness) | B29: 0.1 | C29: 3 | D29: =C29*B29 -> 0.3
A30: Does it answer why the specific device is behaving unusually or has a bad performance? (Completeness) | B30: 0.1 | C30: 3 | D30: =C30*B30 -> 0.3
A31: Does it provide actionable insights that support the decision making? (Completeness) | B31: 0.1 | C31: 3 | D31: =C31*B31 -> 0.3
A32: Is there a coherent argumentation and reasoning provided for the interpretation based on the information provided? (Context-Awareness) | B32: 0.25 | C32: 4 | D32: =C32*B32 -> 1
A33: Does it avoid irrelevant and excessive information and is concise? (Length) | B33: 0.1 | C33: 4 | D33: =C33*B33 -> 0.4
B34: =SUM(B27:B33) -> 1 | D34: =SUM(D27:D33) -> 3.55
A36: kimi-k2.5 | FI
A37: Metric | B37: Weight | C37: Score [1,5] | D37: Weighted Score
A38: Is the explanation technically correct and based on the information provided without distorting the diagnostic information? (Soundness) | B38: 0.25 | C38: 4 | D38: =C38*B38 -> 1
A39: Is the explanation readable, coherent and easy to understand for non-experts? (Fluency) | B39: 0.1 | C39: 5 | D39: =C39*B39 -> 0.5
A40: Is the available information used for the reasoning? (Performance/Feature Importance/Combination) (Completeness) | B40: 0.1 | C40: 4 | D40: =C40*B40 -> 0.4
A41: Does it answer why the specific device is behaving unusually or has a bad performance? (Completeness) | B41: 0.1 | C41: 4 | D41: =C41*B41 -> 0.4
A42: Does it provide actionable insights that support the decision making? (Completeness) | B42: 0.1 | C42: 5 | D42: =C42*B42 -> 0.5
A43: Is there a coherent argumentation and reasoning provided for the interpretation based on the information provided? (Context-Awareness) | B43: 0.25 | C43: 5 | D43: =C43*B43 -> 1.25
A44: Does it avoid irrelevant and excessive information and is concise? (Length) | B44: 0.1 | C44: 4 | D44: =C44*B44 -> 0.4
B45: =SUM(B38:B44) -> 1 | D45: =SUM(D38:D44) -> 4.45
A47: kimi-k2.5 | P
A48: Metric | B48: Weight | C48: Score [1,5] | D48: Weighted Score
A49: Is the explanation technically correct and based on the information provided without distorting the diagnostic information? (Soundness) | B49: 0.25 | C49: 4 | D49: =C49*B49 -> 1
A50: Is the explanation readable, coherent and easy to understand for non-experts? (Fluency) | B50: 0.1 | C50: 5 | D50: =C50*B50 -> 0.5
A51: Is the available information used for the reasoning? (Performance/Feature Importance/Combination) (Completeness) | B51: 0.1 | C51: 4 | D51: =C51*B51 -> 0.4
A52: Does it answer why the specific device is behaving unusually or has a bad performance? (Completeness) | B52: 0.1 | C52: 4 | D52: =C52*B52 -> 0.4
A53: Does it provide actionable insights that support the decision making? (Completeness) | B53: 0.1 | C53: 5 | D53: =C53*B53 -> 0.5
A54: Is there a coherent argumentation and reasoning provided for the interpretation based on the information provided? (Context-Awareness) | B54: 0.25 | C54: 4 | D54: =C54*B54 -> 1
A55: Does it avoid irrelevant and excessive information and is concise? (Length) | B55: 0.1 | C55: 4 | D55: =C55*B55 -> 0.4
B56: =SUM(B49:B55) -> 1 | D56: =SUM(D49:D55) -> 4.2
A58: kimi-k2.5 | FI + P
A59: Metric | B59: Weight | C59: Score [1,5] | D59: Weighted Score
A60: Is the explanation technically correct and based on the information provided without distorting the diagnostic information? (Soundness) | B60: 0.25 | C60: 4 | D60: =C60*B60 -> 1
A61: Is the explanation readable, coherent and easy to understand for non-experts? (Fluency) | B61: 0.1 | C61: 5 | D61: =C61*B61 -> 0.5
A62: Is the available information used for the reasoning? (Performance/Feature Importance/Combination) (Completeness) | B62: 0.1 | C62: 5 | D62: =C62*B62 -> 0.5
A63: Does it answer why the specific device is behaving unusually or has a bad performance? (Completeness) | B63: 0.1 | C63: 5 | D63: =C63*B63 -> 0.5
A64: Does it provide actionable insights that support the decision making? (Completeness) | B64: 0.1 | C64: 5 | D64: =C64*B64 -> 0.5
A65: Is there a coherent argumentation and reasoning provided for the interpretation based on the information provided? (Context-Awareness) | B65: 0.25 | C65: 5 | D65: =C65*B65 -> 1.25
A66: Does it avoid irrelevant and excessive information and is concise? (Length) | B66: 0.1 | C66: 4 | D66: =C66*B66 -> 0.4
B67: =SUM(B60:B66) -> 1 | D67: =SUM(D60:D66) -> 4.65

Sheet d131 #1
A1: Max Score: | B1: 5
F2: Weighted Score:
A3: gwen3.5 | FI | F3: =D12 -> 3.65
A4: Metric | B4: Weight | C4: Score [1,5] | D4: Weighted Score | F4: =D23 -> 3.65
A5: Is the explanation technically correct and based on the information provided without distorting the diagnostic information? (Soundness) | B5: 0.25 | C5: 4 | D5: =C5*B5 -> 1 | F5: =D34 -> 3.3
A6: Is the explanation readable, coherent and easy to understand for non-experts? (Fluency) | B6: 0.1 | C6: 5 | D6: =C6*B6 -> 0.5 | F6: =D45 -> 2.3
A7: Is the available information used for the reasoning? (Performance/Feature Importance/Combination) (Completeness) | B7: 0.1 | C7: 4 | D7: =C7*B7 -> 0.4 | F7: =D56 -> 3.65
A8: Does it answer why the specific device is behaving unusually or has a bad performance? (Completeness) | B8: 0.1 | C8: 3 | D8: =C8*B8 -> 0.3 | F8: =D67 -> 3.4
A9: Does it provide actionable insights that support the decision making? (Completeness) | B9: 0.1 | C9: 2 | D9: =C9*B9 -> 0.2 | F9: =D78 -> 3.3
A10: Is there a coherent argumentation and reasoning provided for the interpretation based on the information provided? (Context-Awareness) | B10: 0.25 | C10: 3 | D10: =C10*B10 -> 0.75 | F10: =D89 -> 3.25
A11: Does it avoid irrelevant and excessive information and is concise? (Length) | B11: 0.1 | C11: 5 | D11: =C11*B11 -> 0.5 | F11: =D100 -> 3.4
B12: =SUM(B5:B11) -> 1 | D12: =SUM(D5:D11) -> 3.65
A14: gwen3.5 | P
A15: Metric | B15: Weight | C15: Score [1,5] | D15: Weighted Score
A16: Is the explanation technically correct and based on the information provided without distorting the diagnostic information? (Soundness) | B16: 0.25 | C16: 3 | D16: =C16*B16 -> 0.75
A17: Is the explanation readable, coherent and easy to understand for non-experts? (Fluency) | B17: 0.1 | C17: 5 | D17: =C17*B17 -> 0.5
A18: Is the available information used for the reasoning? (Performance/Feature Importance/Combination) (Completeness) | B18: 0.1 | C18: 4 | D18: =C18*B18 -> 0.4
A19: Does it answer why the specific device is behaving unusually or has a bad performance? (Completeness) | B19: 0.1 | C19: 3 | D19: =C19*B19 -> 0.3
A20: Does it provide actionable insights that support the decision making? (Completeness) | B20: 0.1 | C20: 3 | D20: =C20*B20 -> 0.3
A21: Is there a coherent argumentation and reasoning provided for the interpretation based on the information provided? (Context-Awareness) | B21: 0.25 | C21: 4 | D21: =C21*B21 -> 1
A22: Does it avoid irrelevant and excessive information and is concise? (Length) | B22: 0.1 | C22: 4 | D22: =C22*B22 -> 0.4
B23: =SUM(B16:B22) -> 1 | D23: =SUM(D16:D22) -> 3.65
A25: gwen3.5 | FI + P
A26: Metric | B26: Weight | C26: Score [1,5] | D26: Weighted Score
A27: Is the explanation technically correct and based on the information provided without distorting the diagnostic information? (Soundness) | B27: 0.25 | C27: 3 | D27: =C27*B27 -> 0.75
A28: Is the explanation readable, coherent and easy to understand for non-experts? (Fluency) | B28: 0.1 | C28: 5 | D28: =C28*B28 -> 0.5
A29: Is the available information used for the reasoning? (Performance/Feature Importance/Combination) (Completeness) | B29: 0.1 | C29: 3 | D29: =C29*B29 -> 0.3
A30: Does it answer why the specific device is behaving unusually or has a bad performance? (Completeness) | B30: 0.1 | C30: 3 | D30: =C30*B30 -> 0.3
A31: Does it provide actionable insights that support the decision making? (Completeness) | B31: 0.1 | C31: 3 | D31: =C31*B31 -> 0.3
A32: Is there a coherent argumentation and reasoning provided for the interpretation based on the information provided? (Context-Awareness) | B32: 0.25 | C32: 3 | D32: =C32*B32 -> 0.75
A33: Does it avoid irrelevant and excessive information and is concise? (Length) | B33: 0.1 | C33: 4 | D33: =C33*B33 -> 0.4
B34: =SUM(B27:B33) -> 1 | D34: =SUM(D27:D33) -> 3.3
A36: deepseek-v3.2 | FI
A37: Metric | B37: Weight | C37: Score [1,5] | D37: Weighted Score
A38: Is the explanation technically correct and based on the information provided without distorting the diagnostic information? (Soundness) | B38: 0.25 | C38: 2 | D38: =C38*B38 -> 0.5
A39: Is the explanation readable, coherent and easy to understand for non-experts? (Fluency) | B39: 0.1 | C39: 3 | D39: =C39*B39 -> 0.3
A40: Is the available information used for the reasoning? (Performance/Feature Importance/Combination) (Completeness) | B40: 0.1 | C40: 2 | D40: =C40*B40 -> 0.2
A41: Does it answer why the specific device is behaving unusually or has a bad performance? (Completeness) | B41: 0.1 | C41: 2 | D41: =C41*B41 -> 0.2
A42: Does it provide actionable insights that support the decision making? (Completeness) | B42: 0.1 | C42: 3 | D42: =C42*B42 -> 0.3
A43: Is there a coherent argumentation and reasoning provided for the interpretation based on the information provided? (Context-Awareness) | B43: 0.25 | C43: 2 | D43: =C43*B43 -> 0.5
A44: Does it avoid irrelevant and excessive information and is concise? (Length) | B44: 0.1 | C44: 3 | D44: =C44*B44 -> 0.3
B45: =SUM(B38:B44) -> 1 | D45: =SUM(D38:D44) -> 2.3
A47: deepseek-v3.2 | P
A48: Metric | B48: Weight | C48: Score [1,5] | D48: Weighted Score
A49: Is the explanation technically correct and based on the information provided without distorting the diagnostic information? (Soundness) | B49: 0.25 | C49: 3 | D49: =C49*B49 -> 0.75
A50: Is the explanation readable, coherent and easy to understand for non-experts? (Fluency) | B50: 0.1 | C50: 5 | D50: =C50*B50 -> 0.5
A51: Is the available information used for the reasoning? (Performance/Feature Importance/Combination) (Completeness) | B51: 0.1 | C51: 3 | D51: =C51*B51 -> 0.3
A52: Does it answer why the specific device is behaving unusually or has a bad performance? (Completeness) | B52: 0.1 | C52: 4 | D52: =C52*B52 -> 0.4
A53: Does it provide actionable insights that support the decision making? (Completeness) | B53: 0.1 | C53: 3 | D53: =C53*B53 -> 0.3
A54: Is there a coherent argumentation and reasoning provided for the interpretation based on the information provided? (Context-Awareness) | B54: 0.25 | C54: 4 | D54: =C54*B54 -> 1
A55: Does it avoid irrelevant and excessive information and is concise? (Length) | B55: 0.1 | C55: 4 | D55: =C55*B55 -> 0.4
B56: =SUM(B49:B55) -> 1 | D56: =SUM(D49:D55) -> 3.65
A58: deepseek-v3.2 | FI + P
A59: Metric | B59: Weight | C59: Score [1,5] | D59: Weighted Score
A60: Is the explanation technically correct and based on the information provided without distorting the diagnostic information? (Soundness) | B60: 0.25 | C60: 3 | D60: =C60*B60 -> 0.75
A61: Is the explanation readable, coherent and easy to understand for non-experts? (Fluency) | B61: 0.1 | C61: 5 | D61: =C61*B61 -> 0.5
A62: Is the available information used for the reasoning? (Performance/Feature Importance/Combination) (Completeness) | B62: 0.1 | C62: 4 | D62: =C62*B62 -> 0.4
A63: Does it answer why the specific device is behaving unusually or has a bad performance? (Completeness) | B63: 0.1 | C63: 3 | D63: =C63*B63 -> 0.3
A64: Does it provide actionable insights that support the decision making? (Completeness) | B64: 0.1 | C64: 3 | D64: =C64*B64 -> 0.3
A65: Is there a coherent argumentation and reasoning provided for the interpretation based on the information provided? (Context-Awareness) | B65: 0.25 | C65: 3 | D65: =C65*B65 -> 0.75
A66: Does it avoid irrelevant and excessive information and is concise? (Length) | B66: 0.1 | C66: 4 | D66: =C66*B66 -> 0.4
B67: =SUM(B60:B66) -> 1 | D67: =SUM(D60:D66) -> 3.4
A69: kimi-k2.5 | FI
A70: Metric | B70: Weight | C70: Score [1,5] | D70: Weighted Score
A71: Is the explanation technically correct and based on the information provided without distorting the diagnostic information? (Soundness) | B71: 0.25 | C71: 3 | D71: =C71*B71 -> 0.75
A72: Is the explanation readable, coherent and easy to understand for non-experts? (Fluency) | B72: 0.1 | C72: 5 | D72: =C72*B72 -> 0.5
A73: Is the available information used for the reasoning? (Performance/Feature Importance/Combination) (Completeness) | B73: 0.1 | C73: 3 | D73: =C73*B73 -> 0.3
A74: Does it answer why the specific device is behaving unusually or has a bad performance? (Completeness) | B74: 0.1 | C74: 3 | D74: =C74*B74 -> 0.3
A75: Does it provide actionable insights that support the decision making? (Completeness) | B75: 0.1 | C75: 3 | D75: =C75*B75 -> 0.3
A76: Is there a coherent argumentation and reasoning provided for the interpretation based on the information provided? (Context-Awareness) | B76: 0.25 | C76: 3 | D76: =C76*B76 -> 0.75
A77: Does it avoid irrelevant and excessive information and is concise? (Length) | B77: 0.1 | C77: 4 | D77: =C77*B77 -> 0.4
B78: =SUM(B71:B77) -> 1 | D78: =SUM(D71:D77) -> 3.3
A80: kimi-k2.5 | P
A81: Metric | B81: Weight | C81: Score [1,5] | D81: Weighted Score
A82: Is the explanation technically correct and based on the information provided without distorting the diagnostic information? (Soundness) | B82: 0.25 | C82: 2 | D82: =C82*B82 -> 0.5
A83: Is the explanation readable, coherent and easy to understand for non-experts? (Fluency) | B83: 0.1 | C83: 5 | D83: =C83*B83 -> 0.5
A84: Is the available information used for the reasoning? (Performance/Feature Importance/Combination) (Completeness) | B84: 0.1 | C84: 4 | D84: =C84*B84 -> 0.4
A85: Does it answer why the specific device is behaving unusually or has a bad performance? (Completeness) | B85: 0.1 | C85: 4 | D85: =C85*B85 -> 0.4
A86: Does it provide actionable insights that support the decision making? (Completeness) | B86: 0.1 | C86: 3 | D86: =C86*B86 -> 0.3
A87: Is there a coherent argumentation and reasoning provided for the interpretation based on the information provided? (Context-Awareness) | B87: 0.25 | C87: 3 | D87: =C87*B87 -> 0.75
A88: Does it avoid irrelevant and excessive information and is concise? (Length) | B88: 0.1 | C88: 4 | D88: =C88*B88 -> 0.4
B89: =SUM(B82:B88) -> 1 | D89: =SUM(D82:D88) -> 3.25
A91: kimi-k2.5 | FI + P
A92: Metric | B92: Weight | C92: Score [1,5] | D92: Weighted Score
A93: Is the explanation technically correct and based on the information provided without distorting the diagnostic information? (Soundness) | B93: 0.25 | C93: 3 | D93: =C93*B93 -> 0.75
A94: Is the explanation readable, coherent and easy to understand for non-experts? (Fluency) | B94: 0.1 | C94: 5 | D94: =C94*B94 -> 0.5
A95: Is the available information used for the reasoning? (Performance/Feature Importance/Combination) (Completeness) | B95: 0.1 | C95: 3 | D95: =C95*B95 -> 0.3
A96: Does it answer why the specific device is behaving unusually or has a bad performance? (Completeness) | B96: 0.1 | C96: 3 | D96: =C96*B96 -> 0.3
A97: Does it provide actionable insights that support the decision making? (Completeness) | B97: 0.1 | C97: 4 | D97: =C97*B97 -> 0.4
A98: Is there a coherent argumentation and reasoning provided for the interpretation based on the information provided? (Context-Awareness) | B98: 0.25 | C98: 3 | D98: =C98*B98 -> 0.75
A99: Does it avoid irrelevant and excessive information and is concise? (Length) | B99: 0.1 | C99: 4 | D99: =C99*B99 -> 0.4
B100: =SUM(B93:B99) -> 1 | D100: =SUM(D93:D99) -> 3.4

Sheet d393 #1
A1: Max Score: | B1: 5
F2: Weighted Score:
A3: gwen3.5 | FI | F3: =D12 -> 4.35
A4: Metric | B4: Weight | C4: Score [1,5] | D4: Weighted Score | F4: =D23 -> 4.2
A5: Is the explanation technically correct and based on the information provided without distorting the diagnostic information? (Soundness) | B5: 0.25 | C5: 4 | D5: =C5*B5 -> 1 | F5: =D34 -> 4.2
A6: Is the explanation readable, coherent and easy to understand for non-experts? (Fluency) | B6: 0.1 | C6: 5 | D6: =C6*B6 -> 0.5 | F6: =D45 -> 3.55
A7: Is the available information used for the reasoning? (Performance/Feature Importance/Combination) (Completeness) | B7: 0.1 | C7: 4 | D7: =C7*B7 -> 0.4 | F7: =D56 -> 3.9
A8: Does it answer why the specific device is behaving unusually or has a bad performance? (Completeness) | B8: 0.1 | C8: 4 | D8: =C8*B8 -> 0.4 | F8: =D67 -> 4.55
A9: Does it provide actionable insights that support the decision making? (Completeness) | B9: 0.1 | C9: 4 | D9: =C9*B9 -> 0.4 | F9: =D78 -> 4.1
A10: Is there a coherent argumentation and reasoning provided for the interpretation based on the information provided? (Context-Awareness) | B10: 0.25 | C10: 5 | D10: =C10*B10 -> 1.25 | F10: =D89 -> 3.95
A11: Does it avoid irrelevant and excessive information and is concise? (Length) | B11: 0.1 | C11: 4 | D11: =C11*B11 -> 0.4 | F11: =D100 -> 3.9
B12: =SUM(B5:B11) -> 1 | D12: =SUM(D5:D11) -> 4.35
A14: gwen3.5 | P
A15: Metric | B15: Weight | C15: Score [1,5] | D15: Weighted Score
A16: Is the explanation technically correct and based on the information provided without distorting the diagnostic information? (Soundness) | B16: 0.25 | C16: 4 | D16: =C16*B16 -> 1
A17: Is the explanation readable, coherent and easy to understand for non-experts? (Fluency) | B17: 0.1 | C17: 5 | D17: =C17*B17 -> 0.5
A18: Is the available information used for the reasoning? (Performance/Feature Importance/Combination) (Completeness) | B18: 0.1 | C18: 4 | D18: =C18*B18 -> 0.4
A19: Does it answer why the specific device is behaving unusually or has a bad performance? (Completeness) | B19: 0.1 | C19: 4 | D19: =C19*B19 -> 0.4
A20: Does it provide actionable insights that support the decision making? (Completeness) | B20: 0.1 | C20: 5 | D20: =C20*B20 -> 0.5
A21: Is there a coherent argumentation and reasoning provided for the interpretation based on the information provided? (Context-Awareness) | B21: 0.25 | C21: 4 | D21: =C21*B21 -> 1
A22: Does it avoid irrelevant and excessive information and is concise? (Length) | B22: 0.1 | C22: 4 | D22: =C22*B22 -> 0.4
B23: =SUM(B16:B22) -> 1 | D23: =SUM(D16:D22) -> 4.2
A25: gwen3.5 | FI + P
A26: Metric | B26: Weight | C26: Score [1,5] | D26: Weighted Score
A27: Is the explanation technically correct and based on the information provided without distorting the diagnostic information? (Soundness) | B27: 0.25 | C27: 4 | D27: =C27*B27 -> 1
A28: Is the explanation readable, coherent and easy to understand for non-experts? (Fluency) | B28: 0.1 | C28: 5 | D28: =C28*B28 -> 0.5
A29: Is the available information used for the reasoning? (Performance/Feature Importance/Combination) (Completeness) | B29: 0.1 | C29: 5 | D29: =C29*B29 -> 0.5
A30: Does it answer why the specific device is behaving unusually or has a bad performance? (Completeness) | B30: 0.1 | C30: 4 | D30: =C30*B30 -> 0.4
A31: Does it provide actionable insights that support the decision making? (Completeness) | B31: 0.1 | C31: 4 | D31: =C31*B31 -> 0.4
A32: Is there a coherent argumentation and reasoning provided for the interpretation based on the information provided? (Context-Awareness) | B32: 0.25 | C32: 4 | D32: =C32*B32 -> 1
A33: Does it avoid irrelevant and excessive information and is concise? (Length) | B33: 0.1 | C33: 4 | D33: =C33*B33 -> 0.4
B34: =SUM(B27:B33) -> 1 | D34: =SUM(D27:D33) -> 4.2
A36: deepseek-v3.2 | FI
A37: Metric | B37: Weight | C37: Score [1,5] | D37: Weighted Score
A38: Is the explanation technically correct and based on the information provided without distorting the diagnostic information? (Soundness) | B38: 0.25 | C38: 4 | D38: =C38*B38 -> 1
A39: Is the explanation readable, coherent and easy to understand for non-experts? (Fluency) | B39: 0.1 | C39: 5 | D39: =C39*B39 -> 0.5
A40: Is the available information used for the reasoning? (Performance/Feature Importance/Combination) (Completeness) | B40: 0.1 | C40: 2 | D40: =C40*B40 -> 0.2
A41: Does it answer why the specific device is behaving unusually or has a bad performance? (Completeness) | B41: 0.1 | C41: 4 | D41: =C41*B41 -> 0.4
A42: Does it provide actionable insights that support the decision making? (Completeness) | B42: 0.1 | C42: 3 | D42: =C42*B42 -> 0.3
A43: Is there a coherent argumentation and reasoning provided for the interpretation based on the information provided? (Context-Awareness) | B43: 0.25 | C43: 3 | D43: =C43*B43 -> 0.75
A44: Does it avoid irrelevant and excessive information and is concise? (Length) | B44: 0.1 | C44: 4 | D44: =C44*B44 -> 0.4
B45: =SUM(B38:B44) -> 1 | D45: =SUM(D38:D44) -> 3.55
A47: deepseek-v3.2 | P
A48: Metric | B48: Weight | C48: Score [1,5] | D48: Weighted Score
A49: Is the explanation technically correct and based on the information provided without distorting the diagnostic information? (Soundness) | B49: 0.25 | C49: 4 | D49: =C49*B49 -> 1
A50: Is the explanation readable, coherent and easy to understand for non-experts? (Fluency) | B50: 0.1 | C50: 5 | D50: =C50*B50 -> 0.5
A51: Is the available information used for the reasoning? (Performance/Feature Importance/Combination) (Completeness) | B51: 0.1 | C51: 3 | D51: =C51*B51 -> 0.3
A52: Does it answer why the specific device is behaving unusually or has a bad performance? (Completeness) | B52: 0.1 | C52: 3 | D52: =C52*B52 -> 0.3
A53: Does it provide actionable insights that support the decision making? (Completeness) | B53: 0.1 | C53: 3 | D53: =C53*B53 -> 0.3
A54: Is there a coherent argumentation and reasoning provided for the interpretation based on the information provided? (Context-Awareness) | B54: 0.25 | C54: 4 | D54: =C54*B54 -> 1
A55: Does it avoid irrelevant and excessive information and is concise? (Length) | B55: 0.1 | C55: 5 | D55: =C55*B55 -> 0.5
B56: =SUM(B49:B55) -> 1 | D56: =SUM(D49:D55) -> 3.9
A58: deepseek-v3.2 | FI + P
A59: Metric | B59: Weight | C59: Score [1,5] | D59: Weighted Score
A60: Is the explanation technically correct and based on the information provided without distorting the diagnostic information? (Soundness) | B60: 0.25 | C60: 5 | D60: =C60*B60 -> 1.25
A61: Is the explanation readable, coherent and easy to understand for non-experts? (Fluency) | B61: 0.1 | C61: 5 | D61: =C61*B61 -> 0.5
A62: Is the available information used for the reasoning? (Performance/Feature Importance/Combination) (Completeness) | B62: 0.1 | C62: 5 | D62: =C62*B62 -> 0.5
A63: Does it answer why the specific device is behaving unusually or has a bad performance? (Completeness) | B63: 0.1 | C63: 5 | D63: =C63*B63 -> 0.5
A64: Does it provide actionable insights that support the decision making? (Completeness) | B64: 0.1 | C64: 5 | D64: =C64*B64 -> 0.5
A65: Is there a coherent argumentation and reasoning provided for the interpretation based on the information provided? (Context-Awareness) | B65: 0.25 | C65: 4 | D65: =C65*B65 -> 1
A66: Does it avoid irrelevant and excessive information and is concise? (Length) | B66: 0.1 | C66: 3 | D66: =C66*B66 -> 0.3
B67: =SUM(B60:B66) -> 1 | D67: =SUM(D60:D66) -> 4.55
A69: kimi-k2.5 | FI
A70: Metric | B70: Weight | C70: Score [1,5] | D70: Weighted Score
A71: Is the explanation technically correct and based on the information provided without distorting the diagnostic information? (Soundness) | B71: 0.25 | C71: 4 | D71: =C71*B71 -> 1
A72: Is the explanation readable, coherent and easy to understand for non-experts? (Fluency) | B72: 0.1 | C72: 5 | D72: =C72*B72 -> 0.5
A73: Is the available information used for the reasoning? (Performance/Feature Importance/Combination) (Completeness) | B73: 0.1 | C73: 4 | D73: =C73*B73 -> 0.4
A74: Does it answer why the specific device is behaving unusually or has a bad performance? (Completeness) | B74: 0.1 | C74: 4 | D74: =C74*B74 -> 0.4
A75: Does it provide actionable insights that support the decision making? (Completeness) | B75: 0.1 | C75: 3 | D75: =C75*B75 -> 0.3
A76: Is there a coherent argumentation and reasoning provided for the interpretation based on the information provided? (Context-Awareness) | B76: 0.25 | C76: 4 | D76: =C76*B76 -> 1
A77: Does it avoid irrelevant and excessive information and is concise? (Length) | B77: 0.1 | C77: 5 | D77: =C77*B77 -> 0.5
B78: =SUM(B71:B77) -> 1 | D78: =SUM(D71:D77) -> 4.1
A80: kimi-k2.5 | P
A81: Metric | B81: Weight | C81: Score [1,5] | D81: Weighted Score
A82: Is the explanation technically correct and based on the information provided without distorting the diagnostic information? (Soundness) | B82: 0.25 | C82: 3 | D82: =C82*B82 -> 0.75
A83: Is the explanation readable, coherent and easy to understand for non-experts? (Fluency) | B83: 0.1 | C83: 5 | D83: =C83*B83 -> 0.5
A84: Is the available information used for the reasoning? (Performance/Feature Importance/Combination) (Completeness) | B84: 0.1 | C84: 4 | D84: =C84*B84 -> 0.4
A85: Does it answer why the specific device is behaving unusually or has a bad performance? (Completeness) | B85: 0.1 | C85: 4 | D85: =C85*B85 -> 0.4
A86: Does it provide actionable insights that support the decision making? (Completeness) | B86: 0.1 | C86: 5 | D86: =C86*B86 -> 0.5
A87: Is there a coherent argumentation and reasoning provided for the interpretation based on the information provided? (Context-Awareness) | B87: 0.25 | C87: 4 | D87: =C87*B87 -> 1
A88: Does it avoid irrelevant and excessive information and is concise? (Length) | B88: 0.1 | C88: 4 | D88: =C88*B88 -> 0.4
B89: =SUM(B82:B88) -> 1 | D89: =SUM(D82:D88) -> 3.95
A91: kimi-k2.5 | FI + P
A92: Metric | B92: Weight | C92: Score [1,5] | D92: Weighted Score
A93: Is the explanation technically correct and based on the information provided without distorting the diagnostic information? (Soundness) | B93: 0.25 | C93: 4 | D93: =C93*B93 -> 1
A94: Is the explanation readable, coherent and easy to understand for non-experts? (Fluency) | B94: 0.1 | C94: 5 | D94: =C94*B94 -> 0.5
A95: Is the available information used for the reasoning? (Performance/Feature Importance/Combination) (Completeness) | B95: 0.1 | C95: 3 | D95: =C95*B95 -> 0.3
A96: Does it answer why the specific device is behaving unusually or has a bad performance? (Completeness) | B96: 0.1 | C96: 3 | D96: =C96*B96 -> 0.3
A97: Does it provide actionable insights that support the decision making? (Completeness) | B97: 0.1 | C97: 4 | D97: =C97*B97 -> 0.4
A98: Is there a coherent argumentation and reasoning provided for the interpretation based on the information provided? (Context-Awareness) | B98: 0.25 | C98: 4 | D98: =C98*B98 -> 1
A99: Does it avoid irrelevant and excessive information and is concise? (Length) | B99: 0.1 | C99: 4 | D99: =C99*B99 -> 0.4
B100: =SUM(B93:B99) -> 1 | D100: =SUM(D93:D99) -> 3.9

Sheet d1456 #1
A1: Max Score: | B1: 5
F2: Weighted Score:
A3: gwen3.5 | FI | F3: =D12 -> 4.1
A4: Metric | B4: Weight | C4: Score [1,5] | D4: Weighted Score | F4: =D23 -> 4.2
A5: Is the explanation technically correct and based on the information provided without distorting the diagnostic information? (Soundness) | B5: 0.25 | C5: 4 | D5: =C5*B5 -> 1 | F5: =D34 -> 3.9
A6: Is the explanation readable, coherent and easy to understand for non-experts? (Fluency) | B6: 0.1 | C6: 5 | D6: =C6*B6 -> 0.5 | F6: =D45 -> 3.65
A7: Is the available information used for the reasoning? (Performance/Feature Importance/Combination) (Completeness) | B7: 0.1 | C7: 4 | D7: =C7*B7 -> 0.4 | F7: =D56 -> 3.45
A8: Does it answer why the specific device is behaving unusually or has a bad performance? (Completeness) | B8: 0.1 | C8: 4 | D8: =C8*B8 -> 0.4 | F8: =D67 -> 3.8
A9: Does it provide actionable insights that support the decision making? (Completeness) | B9: 0.1 | C9: 4 | D9: =C9*B9 -> 0.4 | F9: =D78 -> 3.65
A10: Is there a coherent argumentation and reasoning provided for the interpretation based on the information provided? (Context-Awareness) | B10: 0.25 | C10: 4 | D10: =C10*B10 -> 1 | F10: =D89 -> 4.1
A11: Does it avoid irrelevant and excessive information and is concise? (Length) | B11: 0.1 | C11: 4 | D11: =C11*B11 -> 0.4 | F11: =D100 -> 3.85
B12: =SUM(B5:B11) -> 1 | D12: =SUM(D5:D11) -> 4.1
A14: gwen3.5 | P
A15: Metric | B15: Weight | C15: Score [1,5] | D15: Weighted Score
A16: Is the explanation technically correct and based on the information provided without distorting the diagnostic information? (Soundness) | B16: 0.25 | C16: 4 | D16: =C16*B16 -> 1
A17: Is the explanation readable, coherent and easy to understand for non-experts? (Fluency) | B17: 0.1 | C17: 5 | D17: =C17*B17 -> 0.5
A18: Is the available information used for the reasoning? (Performance/Feature Importance/Combination) (Completeness) | B18: 0.1 | C18: 5 | D18: =C18*B18 -> 0.5
A19: Does it answer why the specific device is behaving unusually or has a bad performance? (Completeness) | B19: 0.1 | C19: 5 | D19: =C19*B19 -> 0.5
A20: Does it provide actionable insights that support the decision making? (Completeness) | B20: 0.1 | C20: 3 | D20: =C20*B20 -> 0.3
A21: Is there a coherent argumentation and reasoning provided for the interpretation based on the information provided? (Context-Awareness) | B21: 0.25 | C21: 4 | D21: =C21*B21 -> 1
A22: Does it avoid irrelevant and excessive information and is concise? (Length) | B22: 0.1 | C22: 4 | D22: =C22*B22 -> 0.4
B23: =SUM(B16:B22) -> 1 | D23: =SUM(D16:D22) -> 4.2
A25: gwen3.5 | FI + P
A26: Metric | B26: Weight | C26: Score [1,5] | D26: Weighted Score
A27: Is the explanation technically correct and based on the information provided without distorting the diagnostic information? (Soundness) | B27: 0.25 | C27: 4 | D27: =C27*B27 -> 1
A28: Is the explanation readable, coherent and easy to understand for non-experts? (Fluency) | B28: 0.1 | C28: 5 | D28: =C28*B28 -> 0.5
A29: Is the available information used for the reasoning? (Performance/Feature Importance/Combination) (Completeness) | B29: 0.1 | C29: 4 | D29: =C29*B29 -> 0.4
A30: Does it answer why the specific device is behaving unusually or has a bad performance? (Completeness) | B30: 0.1 | C30: 3 | D30: =C30*B30 -> 0.3
A31: Does it provide actionable insights that support the decision making? (Completeness) | B31: 0.1 | C31: 3 | D31: =C31*B31 -> 0.3
A32: Is there a coherent argumentation and reasoning provided for the interpretation based on the information provided? (Context-Awareness) | B32: 0.25 | C32: 4 | D32: =C32*B32 -> 1
A33: Does it avoid irrelevant and excessive information and is concise? (Length) | B33: 0.1 | C33: 4 | D33: =C33*B33 -> 0.4
B34: =SUM(B27:B33) -> 1 | D34: =SUM(D27:D33) -> 3.9
A36: deepseek-v3.2 | FI
A37: Metric | B37: Weight | C37: Score [1,5] | D37: Weighted Score
A38: Is the explanation technically correct and based on the information provided without distorting the diagnostic information? (Soundness) | B38: 0.25 | C38: 3 | D38: =C38*B38 -> 0.75
A39: Is the explanation readable, coherent and easy to understand for non-experts? (Fluency) | B39: 0.1 | C39: 5 | D39: =C39*B39 -> 0.5
A40: Is the available information used for the reasoning? (Performance/Feature Importance/Combination) (Completeness) | B40: 0.1 | C40: 3 | D40: =C40*B40 -> 0.3
A41: Does it answer why the specific device is behaving unusually or has a bad performance? (Completeness) | B41: 0.1 | C41: 3 | D41: =C41*B41 -> 0.3
A42: Does it provide actionable insights that support the decision making? (Completeness) | B42: 0.1 | C42: 3 | D42: =C42*B42 -> 0.3
A43: Is there a coherent argumentation and reasoning provided for the interpretation based on the information provided? (Context-Awareness) | B43: 0.25 | C43: 4 | D43: =C43*B43 -> 1
A44: Does it avoid irrelevant and excessive information and is concise? (Length) | B44: 0.1 | C44: 5 | D44: =C44*B44 -> 0.5
B45: =SUM(B38:B44) -> 1 | D45: =SUM(D38:D44) -> 3.65
A47: deepseek-v3.2 | P
A48: Metric | B48: Weight | C48: Score [1,5] | D48: Weighted Score
A49: Is the explanation technically correct and based on the information provided without distorting the diagnostic information? (Soundness) | B49: 0.25 | C49: 4 | D49: =C49*B49 -> 1
A50: Is the explanation readable, coherent and easy to understand for non-experts? (Fluency) | B50: 0.1 | C50: 5 | D50: =C50*B50 -> 0.5
A51: Is the available information used for the reasoning? (Performance/Feature Importance/Combination) (Completeness) | B51: 0.1 | C51: 3 | D51: =C51*B51 -> 0.3
A52: Does it answer why the specific device is behaving unusually or has a bad performance? (Completeness) | B52: 0.1 | C52: 3 | D52: =C52*B52 -> 0.3
A53: Does it provide actionable insights that support the decision making? (Completeness) | B53: 0.1 | C53: 2 | D53: =C53*B53 -> 0.2
A54: Is there a coherent argumentation and reasoning provided for the interpretation based on the information provided? (Context-Awareness) | B54: 0.25 | C54: 3 | D54: =C54*B54 -> 0.75
A55: Does it avoid irrelevant and excessive information and is concise? (Length) | B55: 0.1 | C55: 4 | D55: =C55*B55 -> 0.4
B56: =SUM(B49:B55) -> 1 | D56: =SUM(D49:D55) -> 3.45
A58: deepseek-v3.2 | FI + P
A59: Metric | B59: Weight | C59: Score [1,5] | D59: Weighted Score
A60: Is the explanation technically correct and based on the information provided without distorting the diagnostic information? (Soundness) | B60: 0.25 | C60: 4 | D60: =C60*B60 -> 1
A61: Is the explanation readable, coherent and easy to understand for non-experts? (Fluency) | B61: 0.1 | C61: 5 | D61: =C61*B61 -> 0.5
A62: Is the available information used for the reasoning? (Performance/Feature Importance/Combination) (Completeness) | B62: 0.1 | C62: 3 | D62: =C62*B62 -> 0.3
A63: Does it answer why the specific device is behaving unusually or has a bad performance? (Completeness) | B63: 0.1 | C63: 3 | D63: =C63*B63 -> 0.3
A64: Does it provide actionable insights that support the decision making? (Completeness) | B64: 0.1 | C64: 3 | D64: =C64*B64 -> 0.3
A65: Is there a coherent argumentation and reasoning provided for the interpretation based on the information provided? (Context-Awareness) | B65: 0.25 | C65: 4 | D65: =C65*B65 -> 1
A66: Does it avoid irrelevant and excessive information and is concise? (Length) | B66: 0.1 | C66: 4 | D66: =C66*B66 -> 0.4
B67: =SUM(B60:B66) -> 1 | D67: =SUM(D60:D66) -> 3.8
A69: kimi-k2.5 | FI
A70: Metric | B70: Weight | C70: Score [1,5] | D70: Weighted Score
A71: Is the explanation technically correct and based on the information provided without distorting the diagnostic information? (Soundness) | B71: 0.25 | C71: 3 | D71: =C71*B71 -> 0.75
A72: Is the explanation readable, coherent and easy to understand for non-experts? (Fluency) | B72: 0.1 | C72: 5 | D72: =C72*B72 -> 0.5
A73: Is the available information used for the reasoning? (Performance/Feature Importance/Combination) (Completeness) | B73: 0.1 | C73: 3 | D73: =C73*B73 -> 0.3
A74: Does it answer why the specific device is behaving unusually or has a bad performance? (Completeness) | B74: 0.1 | C74: 3 | D74: =C74*B74 -> 0.3
A75: Does it provide actionable insights that support the decision making? (Completeness) | B75: 0.1 | C75: 4 | D75: =C75*B75 -> 0.4
A76: Is there a coherent argumentation and reasoning provided for the interpretation based on the information provided? (Context-Awareness) | B76: 0.25 | C76: 4 | D76: =C76*B76 -> 1
A77: Does it avoid irrelevant and excessive information and is concise? (Length) | B77: 0.1 | C77: 4 | D77: =C77*B77 -> 0.4
B78: =SUM(B71:B77) -> 1 | D78: =SUM(D71:D77) -> 3.65
A80: kimi-k2.5 | P
A81: Metric | B81: Weight | C81: Score [1,5] | D81: Weighted Score
A82: Is the explanation technically correct and based on the information provided without distorting the diagnostic information? (Soundness) | B82: 0.25 | C82: 4 | D82: =C82*B82 -> 1
A83: Is the explanation readable, coherent and easy to understand for non-experts? (Fluency) | B83: 0.1 | C83: 5 | D83: =C83*B83 -> 0.5
A84: Is the available information used for the reasoning? (Performance/Feature Importance/Combination) (Completeness) | B84: 0.1 | C84: 4 | D84: =C84*B84 -> 0.4
A85: Does it answer why the specific device is behaving unusually or has a bad performance? (Completeness) | B85: 0.1 | C85: 4 | D85: =C85*B85 -> 0.4
A86: Does it provide actionable insights that support the decision making? (Completeness) | B86: 0.1 | C86: 4 | D86: =C86*B86 -> 0.4
A87: Is there a coherent argumentation and reasoning provided for the interpretation based on the information provided? (Context-Awareness) | B87: 0.25 | C87: 4 | D87: =C87*B87 -> 1
A88: Does it avoid irrelevant and excessive information and is concise? (Length) | B88: 0.1 | C88: 4 | D88: =C88*B88 -> 0.4
B89: =SUM(B82:B88) -> 1 | D89: =SUM(D82:D88) -> 4.1
A91: kimi-k2.5 | FI + P
A92: Metric | B92: Weight | C92: Score [1,5] | D92: Weighted Score
A93: Is the explanation technically correct and based on the information provided without distorting the diagnostic information? (Soundness) | B93: 0.25 | C93: 3 | D93: =C93*B93 -> 0.75
A94: Is the explanation readable, coherent and easy to understand for non-experts? (Fluency) | B94: 0.1 | C94: 5 | D94: =C94*B94 -> 0.5
A95: Is the available information used for the reasoning? (Performance/Feature Importance/Combination) (Completeness) | B95: 0.1 | C95: 4 | D95: =C95*B95 -> 0.4
A96: Does it answer why the specific device is behaving unusually or has a bad performance? (Completeness) | B96: 0.1 | C96: 4 | D96: =C96*B96 -> 0.4
A97: Does it provide actionable insights that support the decision making? (Completeness) | B97: 0.1 | C97: 4 | D97: =C97*B97 -> 0.4
A98: Is there a coherent argumentation and reasoning provided for the interpretation based on the information provided? (Context-Awareness) | B98: 0.25 | C98: 4 | D98: =C98*B98 -> 1
A99: Does it avoid irrelevant and excessive information and is concise? (Length) | B99: 0.1 | C99: 4 | D99: =C99*B99 -> 0.4
B100: =SUM(B93:B99) -> 1 | D100: =SUM(D93:D99) -> 3.85

Sheet d3235 #1
A1: Max Score: | B1: 5
F2: Weighted Score:
A3: gwen3.5 | FI | F3: =D12 -> 3.75
A4: Metric | B4: Weight | C4: Score [1,5] | D4: Weighted Score | F4: =D23 -> 4.2
A5: Is the explanation technically correct and based on the information provided without distorting the diagnostic information? (Soundness) | B5: 0.25 | C5: 3 | D5: =C5*B5 -> 0.75 | F5: =D34 -> 3.9
A6: Is the explanation readable, coherent and easy to understand for non-experts? (Fluency) | B6: 0.1 | C6: 5 | D6: =C6*B6 -> 0.5 | F6: =D45 -> 4
A7: Is the available information used for the reasoning? (Performance/Feature Importance/Combination) (Completeness) | B7: 0.1 | C7: 4 | D7: =C7*B7 -> 0.4 | F7: =D56 -> 3.8
A8: Does it answer why the specific device is behaving unusually or has a bad performance? (Completeness) | B8: 0.1 | C8: 4 | D8: =C8*B8 -> 0.4 | F8: =D67 -> 4.1
A9: Does it provide actionable insights that support the decision making? (Completeness) | B9: 0.1 | C9: 2 | D9: =C9*B9 -> 0.2 | F9: =D78 -> 4.55
A10: Is there a coherent argumentation and reasoning provided for the interpretation based on the information provided? (Context-Awareness) | B10: 0.25 | C10: 4 | D10: =C10*B10 -> 1 | F10: =D89 -> 3.95
A11: Does it avoid irrelevant and excessive information and is concise? (Length) | B11: 0.1 | C11: 5 | D11: =C11*B11 -> 0.5 | F11: =D100 -> 3.4
B12: =SUM(B5:B11) -> 1 | D12: =SUM(D5:D11) -> 3.75
A14: gwen3.5 | P
A15: Metric | B15: Weight | C15: Score [1,5] | D15: Weighted Score
A16: Is the explanation technically correct and based on the information provided without distorting the diagnostic information? (Soundness) | B16: 0.25 | C16: 4 | D16: =C16*B16 -> 1
A17: Is the explanation readable, coherent and easy to understand for non-experts? (Fluency) | B17: 0.1 | C17: 5 | D17: =C17*B17 -> 0.5
A18: Is the available information used for the reasoning? (Performance/Feature Importance/Combination) (Completeness) | B18: 0.1 | C18: 4 | D18: =C18*B18 -> 0.4
A19: Does it answer why the specific device is behaving unusually or has a bad performance? (Completeness) | B19: 0.1 | C19: 5 | D19: =C19*B19 -> 0.5
A20: Does it provide actionable insights that support the decision making? (Completeness) | B20: 0.1 | C20: 4 | D20: =C20*B20 -> 0.4
A21: Is there a coherent argumentation and reasoning provided for the interpretation based on the information provided? (Context-Awareness) | B21: 0.25 | C21: 4 | D21: =C21*B21 -> 1
A22: Does it avoid irrelevant and excessive information and is concise? (Length) | B22: 0.1 | C22: 4 | D22: =C22*B22 -> 0.4
B23: =SUM(B16:B22) -> 1 | D23: =SUM(D16:D22) -> 4.2
A25: gwen3.5 | FI + P
A26: Metric | B26: Weight | C26: Score [1,5] | D26: Weighted Score
A27: Is the explanation technically correct and based on the information provided without distorting the diagnostic information? (Soundness) | B27: 0.25 | C27: 4 | D27: =C27*B27 -> 1
A28: Is the explanation readable, coherent and easy to understand for non-experts? (Fluency) | B28: 0.1 | C28: 5 | D28: =C28*B28 -> 0.5
A29: Is the available information used for the reasoning? (Performance/Feature Importance/Combination) (Completeness) | B29: 0.1 | C29: 3 | D29: =C29*B29 -> 0.3
A30: Does it answer why the specific device is behaving unusually or has a bad performance? (Completeness) | B30: 0.1 | C30: 3 | D30: =C30*B30 -> 0.3
A31: Does it provide actionable insights that support the decision making? (Completeness) | B31: 0.1 | C31: 4 | D31: =C31*B31 -> 0.4
A32: Is there a coherent argumentation and reasoning provided for the interpretation based on the information provided? (Context-Awareness) | B32: 0.25 | C32: 4 | D32: =C32*B32 -> 1
A33: Does it avoid irrelevant and excessive information and is concise? (Length) | B33: 0.1 | C33: 4 | D33: =C33*B33 -> 0.4
B34: =SUM(B27:B33) -> 1 | D34: =SUM(D27:D33) -> 3.9
A36: deepseek-v3.2 | FI
A37: Metric | B37: Weight | C37: Score [1,5] | D37: Weighted Score
A38: Is the explanation technically correct and based on the information provided without distorting the diagnostic information? (Soundness) | B38: 0.25 | C38: 4 | D38: =C38*B38 -> 1
A39: Is the explanation readable, coherent and easy to understand for non-experts? (Fluency) | B39: 0.1 | C39: 5 | D39: =C39*B39 -> 0.5
A40: Is the available information used for the reasoning? (Performance/Feature Importance/Combination) (Completeness) | B40: 0.1 | C40: 4 | D40: =C40*B40 -> 0.4
A41: Does it answer why the specific device is behaving unusually or has a bad performance? (Completeness) | B41: 0.1 | C41: 4 | D41: =C41*B41 -> 0.4
A42: Does it provide actionable insights that support the decision making? (Completeness) | B42: 0.1 | C42: 3 | D42: =C42*B42 -> 0.3
A43: Is there a coherent argumentation and reasoning provided for the interpretation based on the information provided? (Context-Awareness) | B43: 0.25 | C43: 4 | D43: =C43*B43 -> 1
A44: Does it avoid irrelevant and excessive information and is concise? (Length) | B44: 0.1 | C44: 4 | D44: =C44*B44 -> 0.4
B45: =SUM(B38:B44) -> 1 | D45: =SUM(D38:D44) -> 4
A47: deepseek-v3.2 | P
A48: Metric | B48: Weight | C48: Score [1,5] | D48: Weighted Score
A49: Is the explanation technically correct and based on the information provided without distorting the diagnostic information? (Soundness) | B49: 0.25 | C49: 4 | D49: =C49*B49 -> 1
A50: Is the explanation readable, coherent and easy to understand for non-experts? (Fluency) | B50: 0.1 | C50: 5 | D50: =C50*B50 -> 0.5
A51: Is the available information used for the reasoning? (Performance/Feature Importance/Combination) (Completeness) | B51: 0.1 | C51: 3 | D51: =C51*B51 -> 0.3
A52: Does it answer why the specific device is behaving unusually or has a bad performance? (Completeness) | B52: 0.1 | C52: 3 | D52: =C52*B52 -> 0.3
A53: Does it provide actionable insights that support the decision making? (Completeness) | B53: 0.1 | C53: 2 | D53: =C53*B53 -> 0.2
A54: Is there a coherent argumentation and reasoning provided for the interpretation based on the information provided? (Context-Awareness) | B54: 0.25 | C54: 4 | D54: =C54*B54 -> 1
A55: Does it avoid irrelevant and excessive information and is concise? (Length) | B55: 0.1 | C55: 5 | D55: =C55*B55 -> 0.5
B56: =SUM(B49:B55) -> 1 | D56: =SUM(D49:D55) -> 3.8
A58: deepseek-v3.2 | FI + P
A59: Metric | B59: Weight | C59: Score [1,5] | D59: Weighted Score
A60: Is the explanation technically correct and based on the information provided without distorting the diagnostic information? (Soundness) | B60: 0.25 | C60: 4 | D60: =C60*B60 -> 1
A61: Is the explanation readable, coherent and easy to understand for non-experts? (Fluency) | B61: 0.1 | C61: 5 | D61: =C61*B61 -> 0.5
A62: Is the available information used for the reasoning? (Performance/Feature Importance/Combination) (Completeness) | B62: 0.1 | C62: 4 | D62: =C62*B62 -> 0.4
A63: Does it answer why the specific device is behaving unusually or has a bad performance? (Completeness) | B63: 0.1 | C63: 4 | D63: =C63*B63 -> 0.4
A64: Does it provide actionable insights that support the decision making? (Completeness) | B64: 0.1 | C64: 4 | D64: =C64*B64 -> 0.4
A65: Is there a coherent argumentation and reasoning provided for the interpretation based on the information provided? (Context-Awareness) | B65: 0.25 | C65: 4 | D65: =C65*B65 -> 1
A66: Does it avoid irrelevant and excessive information and is concise? (Length) | B66: 0.1 | C66: 4 | D66: =C66*B66 -> 0.4
B67: =SUM(B60:B66) -> 1 | D67: =SUM(D60:D66) -> 4.1
A69: kimi-k2.5 | FI
A70: Metric | B70: Weight | C70: Score [1,5] | D70: Weighted Score
A71: Is the explanation technically correct and based on the information provided without distorting the diagnostic information? (Soundness) | B71: 0.25 | C71: 4 | D71: =C71*B71 -> 1
A72: Is the explanation readable, coherent and easy to understand for non-experts? (Fluency) | B72: 0.1 | C72: 5 | D72: =C72*B72 -> 0.5
A73: Is the available information used for the reasoning? (Performance/Feature Importance/Combination) (Completeness) | B73: 0.1 | C73: 4 | D73: =C73*B73 -> 0.4
A74: Does it answer why the specific device is behaving unusually or has a bad performance? (Completeness) | B74: 0.1 | C74: 5 | D74: =C74*B74 -> 0.5
A75: Does it provide actionable insights that support the decision making? (Completeness) | B75: 0.1 | C75: 5 | D75: =C75*B75 -> 0.5
A76: Is there a coherent argumentation and reasoning provided for the interpretation based on the information provided? (Context-Awareness) | B76: 0.25 | C76: 5 | D76: =C76*B76 -> 1.25
A77: Does it avoid irrelevant and excessive information and is concise? (Length) | B77: 0.1 | C77: 4 | D77: =C77*B77 -> 0.4
B78: =SUM(B71:B77) -> 1 | D78: =SUM(D71:D77) -> 4.55
A80: kimi-k2.5 | P
A81: Metric | B81: Weight | C81: Score [1,5] | D81: Weighted Score
A82: Is the explanation technically correct and based on the information provided without distorting the diagnostic information? (Soundness) | B82: 0.25 | C82: 3 | D82: =C82*B82 -> 0.75
A83: Is the explanation readable, coherent and easy to understand for non-experts? (Fluency) | B83: 0.1 | C83: 5 | D83: =C83*B83 -> 0.5
A84: Is the available information used for the reasoning? (Performance/Feature Importance/Combination) (Completeness) | B84: 0.1 | C84: 4 | D84: =C84*B84 -> 0.4
A85: Does it answer why the specific device is behaving unusually or has a bad performance? (Completeness) | B85: 0.1 | C85: 4 | D85: =C85*B85 -> 0.4
A86: Does it provide actionable insights that support the decision making? (Completeness) | B86: 0.1 | C86: 4 | D86: =C86*B86 -> 0.4
A87: Is there a coherent argumentation and reasoning provided for the interpretation based on the information provided? (Context-Awareness) | B87: 0.25 | C87: 4 | D87: =C87*B87 -> 1
A88: Does it avoid irrelevant and excessive information and is concise? (Length) | B88: 0.1 | C88: 5 | D88: =C88*B88 -> 0.5
B89: =SUM(B82:B88) -> 1 | D89: =SUM(D82:D88) -> 3.95
A91: kimi-k2.5 | FI + P
A92: Metric | B92: Weight | C92: Score [1,5] | D92: Weighted Score
A93: Is the explanation technically correct and based on the information provided without distorting the diagnostic information? (Soundness) | B93: 0.25 | C93: 3 | D93: =C93*B93 -> 0.75
A94: Is the explanation readable, coherent and easy to understand for non-experts? (Fluency) | B94: 0.1 | C94: 5 | D94: =C94*B94 -> 0.5
A95: Is the available information used for the reasoning? (Performance/Feature Importance/Combination) (Completeness) | B95: 0.1 | C95: 3 | D95: =C95*B95 -> 0.3
A96: Does it answer why the specific device is behaving unusually or has a bad performance? (Completeness) | B96: 0.1 | C96: 3 | D96: =C96*B96 -> 0.3
A97: Does it provide actionable insights that support the decision making? (Completeness) | B97: 0.1 | C97: 4 | D97: =C97*B97 -> 0.4
A98: Is there a coherent argumentation and reasoning provided for the interpretation based on the information provided? (Context-Awareness) | B98: 0.25 | C98: 3 | D98: =C98*B98 -> 0.75
A99: Does it avoid irrelevant and excessive information and is concise? (Length) | B99: 0.1 | C99: 4 | D99: =C99*B99 -> 0.4
B100: =SUM(B93:B99) -> 1 | D100: =SUM(D93:D99) -> 3.4

Sheet d131 #2
A1: Max Score: | B1: 5
F2: Weighted Score:
A3: gwen3.5 | FI | F3: =D12 -> 2.95
A4: Metric | B4: Weight | C4: Score [1,5] | D4: Weighted Score | F4: =D23 -> 3.65
A5: Is the explanation technically correct and based on the information provided without distorting the diagnostic information? (Soundness) | B5: 0.25 | C5: 2 | D5: =C5*B5 -> 0.5 | F5: =D34 -> 3.9
A6: Is the explanation readable, coherent and easy to understand for non-experts? (Fluency) | B6: 0.1 | C6: 4 | D6: =C6*B6 -> 0.4 | F6: =D45 -> 4
A7: Is the available information used for the reasoning? (Performance/Feature Importance/Combination) (Completeness) | B7: 0.1 | C7: 3 | D7: =C7*B7 -> 0.3 | F7: =D56 -> 4.1
A8: Does it answer why the specific device is behaving unusually or has a bad performance? (Completeness) | B8: 0.1 | C8: 3 | D8: =C8*B8 -> 0.3 | F8: =D67 -> 4.2
A9: Does it provide actionable insights that support the decision making? (Completeness) | B9: 0.1 | C9: 3 | D9: =C9*B9 -> 0.3 | F9: =D78 -> 3.65
A10: Is there a coherent argumentation and reasoning provided for the interpretation based on the information provided? (Context-Awareness) | B10: 0.25 | C10: 3 | D10: =C10*B10 -> 0.75 | F10: =D89 -> 4.3
A11: Does it avoid irrelevant and excessive information and is concise? (Length) | B11: 0.1 | C11: 4 | D11: =C11*B11 -> 0.4 | F11: =D100 -> 3.55
B12: =SUM(B5:B11) -> 1 | D12: =SUM(D5:D11) -> 2.95
A14: gwen3.5 | P
A15: Metric | B15: Weight | C15: Score [1,5] | D15: Weighted Score
A16: Is the explanation technically correct and based on the information provided without distorting the diagnostic information? (Soundness) | B16: 0.25 | C16: 3 | D16: =C16*B16 -> 0.75
A17: Is the explanation readable, coherent and easy to understand for non-experts? (Fluency) | B17: 0.1 | C17: 5 | D17: =C17*B17 -> 0.5
A18: Is the available information used for the reasoning? (Performance/Feature Importance/Combination) (Completeness) | B18: 0.1 | C18: 3 | D18: =C18*B18 -> 0.3
A19: Does it answer why the specific device is behaving unusually or has a bad performance? (Completeness) | B19: 0.1 | C19: 3 | D19: =C19*B19 -> 0.3
A20: Does it provide actionable insights that support the decision making? (Completeness) | B20: 0.1 | C20: 3 | D20: =C20*B20 -> 0.3
A21: Is there a coherent argumentation and reasoning provided for the interpretation based on the information provided? (Context-Awareness) | B21: 0.25 | C21: 4 | D21: =C21*B21 -> 1
A22: Does it avoid irrelevant and excessive information and is concise? (Length) | B22: 0.1 | C22: 5 | D22: =C22*B22 -> 0.5
B23: =SUM(B16:B22) -> 1 | D23: =SUM(D16:D22) -> 3.65
A25: gwen3.5 | FI + P
A26: Metric | B26: Weight | C26: Score [1,5] | D26: Weighted Score
A27: Is the explanation technically correct and based on the information provided without distorting the diagnostic information? (Soundness) | B27: 0.25 | C27: 4 | D27: =C27*B27 -> 1
A28: Is the explanation readable, coherent and easy to understand for non-experts? (Fluency) | B28: 0.1 | C28: 5 | D28: =C28*B28 -> 0.5
A29: Is the available information used for the reasoning? (Performance/Feature Importance/Combination) (Completeness) | B29: 0.1 | C29: 3 | D29: =C29*B29 -> 0.3
A30: Does it answer why the specific device is behaving unusually or has a bad performance? (Completeness) | B30: 0.1 | C30: 3 | D30: =C30*B30 -> 0.3
A31: Does it provide actionable insights that support the decision making? (Completeness) | B31: 0.1 | C31: 4 | D31: =C31*B31 -> 0.4
A32: Is there a coherent argumentation and reasoning provided for the interpretation based on the information provided? (Context-Awareness) | B32: 0.25 | C32: 4 | D32: =C32*B32 -> 1
A33: Does it avoid irrelevant and excessive information and is concise? (Length) | B33: 0.1 | C33: 4 | D33: =C33*B33 -> 0.4
B34: =SUM(B27:B33) -> 1 | D34: =SUM(D27:D33) -> 3.9
A36: deepseek-v3.2 | FI
A37: Metric | B37: Weight | C37: Score [1,5] | D37: Weighted Score
A38: Is the explanation technically correct and based on the information provided without distorting the diagnostic information? (Soundness) | B38: 0.25 | C38: 4 | D38: =C38*B38 -> 1
A39: Is the explanation readable, coherent and easy to understand for non-experts? (Fluency) | B39: 0.1 | C39: 5 | D39: =C39*B39 -> 0.5
A40: Is the available information used for the reasoning? (Performance/Feature Importance/Combination) (Completeness) | B40: 0.1 | C40: 3 | D40: =C40*B40 -> 0.3
A41: Does it answer why the specific device is behaving unusually or has a bad performance? (Completeness) | B41: 0.1 | C41: 4 | D41: =C41*B41 -> 0.4
A42: Does it provide actionable insights that support the decision making? (Completeness) | B42: 0.1 | C42: 3 | D42: =C42*B42 -> 0.3
A43: Is there a coherent argumentation and reasoning provided for the interpretation based on the information provided? (Context-Awareness) | B43: 0.25 | C43: 4 | D43: =C43*B43 -> 1
A44: Does it avoid irrelevant and excessive information and is concise? (Length) | B44: 0.1 | C44: 5 | D44: =C44*B44 -> 0.5
B45: =SUM(B38:B44) -> 1 | D45: =SUM(D38:D44) -> 4
A47: deepseek-v3.2 | P
A48: Metric | B48: Weight | C48: Score [1,5] | D48: Weighted Score
A49: Is the explanation technically correct and based on the information provided without distorting the diagnostic information? (Soundness) | B49: 0.25 | C49: 4 | D49: =C49*B49 -> 1
A50: Is the explanation readable, coherent and easy to understand for non-experts? (Fluency) | B50: 0.1 | C50: 5 | D50: =C50*B50 -> 0.5
A51: Is the available information used for the reasoning? (Performance/Feature Importance/Combination) (Completeness) | B51: 0.1 | C51: 3 | D51: =C51*B51 -> 0.3
A52: Does it answer why the specific device is behaving unusually or has a bad performance? (Completeness) | B52: 0.1 | C52: 4 | D52: =C52*B52 -> 0.4
A53: Does it provide actionable insights that support the decision making? (Completeness) | B53: 0.1 | C53: 4 | D53: =C53*B53 -> 0.4
A54: Is there a coherent argumentation and reasoning provided for the interpretation based on the information provided? (Context-Awareness) | B54: 0.25 | C54: 4 | D54: =C54*B54 -> 1
A55: Does it avoid irrelevant and excessive information and is concise? (Length) | B55: 0.1 | C55: 5 | D55: =C55*B55 -> 0.5
B56: =SUM(B49:B55) -> 1 | D56: =SUM(D49:D55) -> 4.1
A58: deepseek-v3.2 | FI + P
A59: Metric | B59: Weight | C59: Score [1,5] | D59: Weighted Score
A60: Is the explanation technically correct and based on the information provided without distorting the diagnostic information? (Soundness) | B60: 0.25 | C60: 4 | D60: =C60*B60 -> 1
A61: Is the explanation readable, coherent and easy to understand for non-experts? (Fluency) | B61: 0.1 | C61: 5 | D61: =C61*B61 -> 0.5
A62: Is the available information used for the reasoning? (Performance/Feature Importance/Combination) (Completeness) | B62: 0.1 | C62: 4 | D62: =C62*B62 -> 0.4
A63: Does it answer why the specific device is behaving unusually or has a bad performance? (Completeness) | B63: 0.1 | C63: 4 | D63: =C63*B63 -> 0.4
A64: Does it provide actionable insights that support the decision making? (Completeness) | B64: 0.1 | C64: 4 | D64: =C64*B64 -> 0.4
A65: Is there a coherent argumentation and reasoning provided for the interpretation based on the information provided? (Context-Awareness) | B65: 0.25 | C65: 4 | D65: =C65*B65 -> 1
A66: Does it avoid irrelevant and excessive information and is concise? (Length) | B66: 0.1 | C66: 5 | D66: =C66*B66 -> 0.5
B67: =SUM(B60:B66) -> 1 | D67: =SUM(D60:D66) -> 4.2
A69: kimi-k2.5 | FI
A70: Metric | B70: Weight | C70: Score [1,5] | D70: Weighted Score
A71: Is the explanation technically correct and based on the information provided without distorting the diagnostic information? (Soundness) | B71: 0.25 | C71: 3 | D71: =C71*B71 -> 0.75
A72: Is the explanation readable, coherent and easy to understand for non-experts? (Fluency) | B72: 0.1 | C72: 5 | D72: =C72*B72 -> 0.5
A73: Is the available information used for the reasoning? (Performance/Feature Importance/Combination) (Completeness) | B73: 0.1 | C73: 3 | D73: =C73*B73 -> 0.3
A74: Does it answer why the specific device is behaving unusually or has a bad performance? (Completeness) | B74: 0.1 | C74: 4 | D74: =C74*B74 -> 0.4
A75: Does it provide actionable insights that support the decision making? (Completeness) | B75: 0.1 | C75: 3 | D75: =C75*B75 -> 0.3
A76: Is there a coherent argumentation and reasoning provided for the interpretation based on the information provided? (Context-Awareness) | B76: 0.25 | C76: 4 | D76: =C76*B76 -> 1
A77: Does it avoid irrelevant and excessive information and is concise? (Length) | B77: 0.1 | C77: 4 | D77: =C77*B77 -> 0.4
B78: =SUM(B71:B77) -> 1 | D78: =SUM(D71:D77) -> 3.65
A80: kimi-k2.5 | P
A81: Metric | B81: Weight | C81: Score [1,5] | D81: Weighted Score
A82: Is the explanation technically correct and based on the information provided without distorting the diagnostic information? (Soundness) | B82: 0.25 | C82: 4 | D82: =C82*B82 -> 1
A83: Is the explanation readable, coherent and easy to understand for non-experts? (Fluency) | B83: 0.1 | C83: 5 | D83: =C83*B83 -> 0.5
A84: Is the available information used for the reasoning? (Performance/Feature Importance/Combination) (Completeness) | B84: 0.1 | C84: 4 | D84: =C84*B84 -> 0.4
A85: Does it answer why the specific device is behaving unusually or has a bad performance? (Completeness) | B85: 0.1 | C85: 5 | D85: =C85*B85 -> 0.5
A86: Does it provide actionable insights that support the decision making? (Completeness) | B86: 0.1 | C86: 4 | D86: =C86*B86 -> 0.4
A87: Is there a coherent argumentation and reasoning provided for the interpretation based on the information provided? (Context-Awareness) | B87: 0.25 | C87: 4 | D87: =C87*B87 -> 1
A88: Does it avoid irrelevant and excessive information and is concise? (Length) | B88: 0.1 | C88: 5 | D88: =C88*B88 -> 0.5
B89: =SUM(B82:B88) -> 1 | D89: =SUM(D82:D88) -> 4.3
A91: kimi-k2.5 | FI + P
A92: Metric | B92: Weight | C92: Score [1,5] | D92: Weighted Score
A93: Is the explanation technically correct and based on the information provided without distorting the diagnostic information? (Soundness) | B93: 0.25 | C93: 3 | D93: =C93*B93 -> 0.75
A94: Is the explanation readable, coherent and easy to understand for non-experts? (Fluency) | B94: 0.1 | C94: 5 | D94: =C94*B94 -> 0.5
A95: Is the available information used for the reasoning? (Performance/Feature Importance/Combination) (Completeness) | B95: 0.1 | C95: 3 | D95: =C95*B95 -> 0.3
A96: Does it answer why the specific device is behaving unusually or has a bad performance? (Completeness) | B96: 0.1 | C96: 3 | D96: =C96*B96 -> 0.3
A97: Does it provide actionable insights that support the decision making? (Completeness) | B97: 0.1 | C97: 3 | D97: =C97*B97 -> 0.3
A98: Is there a coherent argumentation and reasoning provided for the interpretation based on the information provided? (Context-Awareness) | B98: 0.25 | C98: 4 | D98: =C98*B98 -> 1
A99: Does it avoid irrelevant and excessive information and is concise? (Length) | B99: 0.1 | C99: 4 | D99: =C99*B99 -> 0.4
B100: =SUM(B93:B99) -> 1 | D100: =SUM(D93:D99) -> 3.55

Sheet d393 #2
A1: Max Score: | B1: 5
F2: Weighted Score:
A3: gwen3.5 | FI | F3: =D12 -> 4.1
A4: Metric | B4: Weight | C4: Score [1,5] | D4: Weighted Score | F4: =D23 -> 4.1
A5: Is the explanation technically correct and based on the information provided without distorting the diagnostic information? (Soundness) | B5: 0.25 | C5: 4 | D5: =C5*B5 -> 1 | F5: =D34 -> 4.2
A6: Is the explanation readable, coherent and easy to understand for non-experts? (Fluency) | B6: 0.1 | C6: 5 | D6: =C6*B6 -> 0.5 | F6: =D45 -> 4.1
A7: Is the available information used for the reasoning? (Performance/Feature Importance/Combination) (Completeness) | B7: 0.1 | C7: 4 | D7: =C7*B7 -> 0.4 | F7: =D56 -> 3.9
A8: Does it answer why the specific device is behaving unusually or has a bad performance? (Completeness) | B8: 0.1 | C8: 4 | D8: =C8*B8 -> 0.4 | F8: =D67 -> 4.7
A9: Does it provide actionable insights that support the decision making? (Completeness) | B9: 0.1 | C9: 3 | D9: =C9*B9 -> 0.3 | F9: =D78 -> 4.55
A10: Is there a coherent argumentation and reasoning provided for the interpretation based on the information provided? (Context-Awareness) | B10: 0.25 | C10: 4 | D10: =C10*B10 -> 1 | F10: =D89 -> 3.85
A11: Does it avoid irrelevant and excessive information and is concise? (Length) | B11: 0.1 | C11: 5 | D11: =C11*B11 -> 0.5 | F11: =D100 -> 4.4
B12: =SUM(B5:B11) -> 1 | D12: =SUM(D5:D11) -> 4.1
A14: gwen3.5 | P
A15: Metric | B15: Weight | C15: Score [1,5] | D15: Weighted Score
A16: Is the explanation technically correct and based on the information provided without distorting the diagnostic information? (Soundness) | B16: 0.25 | C16: 4 | D16: =C16*B16 -> 1
A17: Is the explanation readable, coherent and easy to understand for non-experts? (Fluency) | B17: 0.1 | C17: 5 | D17: =C17*B17 -> 0.5
A18: Is the available information used for the reasoning? (Performance/Feature Importance/Combination) (Completeness) | B18: 0.1 | C18: 4 | D18: =C18*B18 -> 0.4
A19: Does it answer why the specific device is behaving unusually or has a bad performance? (Completeness) | B19: 0.1 | C19: 4 | D19: =C19*B19 -> 0.4
A20: Does it provide actionable insights that support the decision making? (Completeness) | B20: 0.1 | C20: 3 | D20: =C20*B20 -> 0.3
A21: Is there a coherent argumentation and reasoning provided for the interpretation based on the information provided? (Context-Awareness) | B21: 0.25 | C21: 4 | D21: =C21*B21 -> 1
A22: Does it avoid irrelevant and excessive information and is concise? (Length) | B22: 0.1 | C22: 5 | D22: =C22*B22 -> 0.5
B23: =SUM(B16:B22) -> 1 | D23: =SUM(D16:D22) -> 4.1
A25: gwen3.5 | FI + P
A26: Metric | B26: Weight | C26: Score [1,5] | D26: Weighted Score
A27: Is the explanation technically correct and based on the information provided without distorting the diagnostic information? (Soundness) | B27: 0.25 | C27: 4 | D27: =C27*B27 -> 1
A28: Is the explanation readable, coherent and easy to understand for non-experts? (Fluency) | B28: 0.1 | C28: 5 | D28: =C28*B28 -> 0.5
A29: Is the available information used for the reasoning? (Performance/Feature Importance/Combination) (Completeness) | B29: 0.1 | C29: 4 | D29: =C29*B29 -> 0.4
A30: Does it answer why the specific device is behaving unusually or has a bad performance? (Completeness) | B30: 0.1 | C30: 4 | D30: =C30*B30 -> 0.4
A31: Does it provide actionable insights that support the decision making? (Completeness) | B31: 0.1 | C31: 4 | D31: =C31*B31 -> 0.4
A32: Is there a coherent argumentation and reasoning provided for the interpretation based on the information provided? (Context-Awareness) | B32: 0.25 | C32: 4 | D32: =C32*B32 -> 1
A33: Does it avoid irrelevant and excessive information and is concise? (Length) | B33: 0.1 | C33: 5 | D33: =C33*B33 -> 0.5
B34: =SUM(B27:B33) -> 1 | D34: =SUM(D27:D33) -> 4.2
A36: deepseek-v3.2 | FI
A37: Metric | B37: Weight | C37: Score [1,5] | D37: Weighted Score
A38: Is the explanation technically correct and based on the information provided without distorting the diagnostic information? (Soundness) | B38: 0.25 | C38: 4 | D38: =C38*B38 -> 1
A39: Is the explanation readable, coherent and easy to understand for non-experts? (Fluency) | B39: 0.1 | C39: 5 | D39: =C39*B39 -> 0.5
A40: Is the available information used for the reasoning? (Performance/Feature Importance/Combination) (Completeness) | B40: 0.1 | C40: 4 | D40: =C40*B40 -> 0.4
A41: Does it answer why the specific device is behaving unusually or has a bad performance? (Completeness) | B41: 0.1 | C41: 4 | D41: =C41*B41 -> 0.4
A42: Does it provide actionable insights that support the decision making? (Completeness) | B42: 0.1 | C42: 4 | D42: =C42*B42 -> 0.4
A43: Is there a coherent argumentation and reasoning provided for the interpretation based on the information provided? (Context-Awareness) | B43: 0.25 | C43: 4 | D43: =C43*B43 -> 1
A44: Does it avoid irrelevant and excessive information and is concise? (Length) | B44: 0.1 | C44: 4 | D44: =C44*B44 -> 0.4
B45: =SUM(B38:B44) -> 1 | D45: =SUM(D38:D44) -> 4.1
A47: deepseek-v3.2 | P
A48: Metric | B48: Weight | C48: Score [1,5] | D48: Weighted Score
A49: Is the explanation technically correct and based on the information provided without distorting the diagnostic information? (Soundness) | B49: 0.25 | C49: 4 | D49: =C49*B49 -> 1
A50: Is the explanation readable, coherent and easy to understand for non-experts? (Fluency) | B50: 0.1 | C50: 5 | D50: =C50*B50 -> 0.5
A51: Is the available information used for the reasoning? (Performance/Feature Importance/Combination) (Completeness) | B51: 0.1 | C51: 3 | D51: =C51*B51 -> 0.3
A52: Does it answer why the specific device is behaving unusually or has a bad performance? (Completeness) | B52: 0.1 | C52: 3 | D52: =C52*B52 -> 0.3
A53: Does it provide actionable insights that support the decision making? (Completeness) | B53: 0.1 | C53: 4 | D53: =C53*B53 -> 0.4
A54: Is there a coherent argumentation and reasoning provided for the interpretation based on the information provided? (Context-Awareness) | B54: 0.25 | C54: 4 | D54: =C54*B54 -> 1
A55: Does it avoid irrelevant and excessive information and is concise? (Length) | B55: 0.1 | C55: 4 | D55: =C55*B55 -> 0.4
B56: =SUM(B49:B55) -> 1 | D56: =SUM(D49:D55) -> 3.9
A58: deepseek-v3.2 | FI + P
A59: Metric | B59: Weight | C59: Score [1,5] | D59: Weighted Score
A60: Is the explanation technically correct and based on the information provided without distorting the diagnostic information? (Soundness) | B60: 0.25 | C60: 5 | D60: =C60*B60 -> 1.25
A61: Is the explanation readable, coherent and easy to understand for non-experts? (Fluency) | B61: 0.1 | C61: 5 | D61: =C61*B61 -> 0.5
A62: Is the available information used for the reasoning? (Performance/Feature Importance/Combination) (Completeness) | B62: 0.1 | C62: 4 | D62: =C62*B62 -> 0.4
A63: Does it answer why the specific device is behaving unusually or has a bad performance? (Completeness) | B63: 0.1 | C63: 4 | D63: =C63*B63 -> 0.4
A64: Does it provide actionable insights that support the decision making? (Completeness) | B64: 0.1 | C64: 4 | D64: =C64*B64 -> 0.4
A65: Is there a coherent argumentation and reasoning provided for the interpretation based on the information provided? (Context-Awareness) | B65: 0.25 | C65: 5 | D65: =C65*B65 -> 1.25
A66: Does it avoid irrelevant and excessive information and is concise? (Length) | B66: 0.1 | C66: 5 | D66: =C66*B66 -> 0.5
B67: =SUM(B60:B66) -> 1 | D67: =SUM(D60:D66) -> 4.7
A69: kimi-k2.5 | FI
A70: Metric | B70: Weight | C70: Score [1,5] | D70: Weighted Score
A71: Is the explanation technically correct and based on the information provided without distorting the diagnostic information? (Soundness) | B71: 0.25 | C71: 4 | D71: =C71*B71 -> 1
A72: Is the explanation readable, coherent and easy to understand for non-experts? (Fluency) | B72: 0.1 | C72: 5 | D72: =C72*B72 -> 0.5
A73: Is the available information used for the reasoning? (Performance/Feature Importance/Combination) (Completeness) | B73: 0.1 | C73: 5 | D73: =C73*B73 -> 0.5
A74: Does it answer why the specific device is behaving unusually or has a bad performance? (Completeness) | B74: 0.1 | C74: 4 | D74: =C74*B74 -> 0.4
A75: Does it provide actionable insights that support the decision making? (Completeness) | B75: 0.1 | C75: 5 | D75: =C75*B75 -> 0.5
A76: Is there a coherent argumentation and reasoning provided for the interpretation based on the information provided? (Context-Awareness) | B76: 0.25 | C76: 5 | D76: =C76*B76 -> 1.25
A77: Does it avoid irrelevant and excessive information and is concise? (Length) | B77: 0.1 | C77: 4 | D77: =C77*B77 -> 0.4
B78: =SUM(B71:B77) -> 1 | D78: =SUM(D71:D77) -> 4.55
A80: kimi-k2.5 | P
A81: Metric | B81: Weight | C81: Score [1,5] | D81: Weighted Score
A82: Is the explanation technically correct and based on the information provided without distorting the diagnostic information? (Soundness) | B82: 0.25 | C82: 3 | D82: =C82*B82 -> 0.75
A83: Is the explanation readable, coherent and easy to understand for non-experts? (Fluency) | B83: 0.1 | C83: 5 | D83: =C83*B83 -> 0.5
A84: Is the available information used for the reasoning? (Performance/Feature Importance/Combination) (Completeness) | B84: 0.1 | C84: 4 | D84: =C84*B84 -> 0.4
A85: Does it answer why the specific device is behaving unusually or has a bad performance? (Completeness) | B85: 0.1 | C85: 4 | D85: =C85*B85 -> 0.4
A86: Does it provide actionable insights that support the decision making? (Completeness) | B86: 0.1 | C86: 4 | D86: =C86*B86 -> 0.4
A87: Is there a coherent argumentation and reasoning provided for the interpretation based on the information provided? (Context-Awareness) | B87: 0.25 | C87: 4 | D87: =C87*B87 -> 1
A88: Does it avoid irrelevant and excessive information and is concise? (Length) | B88: 0.1 | C88: 4 | D88: =C88*B88 -> 0.4
B89: =SUM(B82:B88) -> 1 | D89: =SUM(D82:D88) -> 3.85
A91: kimi-k2.5 | FI + P
A92: Metric | B92: Weight | C92: Score [1,5] | D92: Weighted Score
A93: Is the explanation technically correct and based on the information provided without distorting the diagnostic information? (Soundness) | B93: 0.25 | C93: 4 | D93: =C93*B93 -> 1
A94: Is the explanation readable, coherent and easy to understand for non-experts? (Fluency) | B94: 0.1 | C94: 5 | D94: =C94*B94 -> 0.5
A95: Is the available information used for the reasoning? (Performance/Feature Importance/Combination) (Completeness) | B95: 0.1 | C95: 5 | D95: =C95*B95 -> 0.5
A96: Does it answer why the specific device is behaving unusually or has a bad performance? (Completeness) | B96: 0.1 | C96: 5 | D96: =C96*B96 -> 0.5
A97: Does it provide actionable insights that support the decision making? (Completeness) | B97: 0.1 | C97: 5 | D97: =C97*B97 -> 0.5
A98: Is there a coherent argumentation and reasoning provided for the interpretation based on the information provided? (Context-Awareness) | B98: 0.25 | C98: 4 | D98: =C98*B98 -> 1
A99: Does it avoid irrelevant and excessive information and is concise? (Length) | B99: 0.1 | C99: 4 | D99: =C99*B99 -> 0.4
B100: =SUM(B93:B99) -> 1 | D100: =SUM(D93:D99) -> 4.4

Sheet d1456 #2
A1: Max Score: | B1: 5
F2: Weighted Score:
A3: gwen3.5 | FI | F3: =D12 -> 3.9
A4: Metric | B4: Weight | C4: Score [1,5] | D4: Weighted Score | F4: =D23 -> 4.1
A5: Is the explanation technically correct and based on the information provided without distorting the diagnostic information? (Soundness) | B5: 0.25 | C5: 4 | D5: =C5*B5 -> 1 | F5: =D34 -> 3.9
A6: Is the explanation readable, coherent and easy to understand for non-experts? (Fluency) | B6: 0.1 | C6: 5 | D6: =C6*B6 -> 0.5 | F6: =D45 -> 4
A7: Is the available information used for the reasoning? (Performance/Feature Importance/Combination) (Completeness) | B7: 0.1 | C7: 3 | D7: =C7*B7 -> 0.3 | F7: =D56 -> 3.2
A8: Does it answer why the specific device is behaving unusually or has a bad performance? (Completeness) | B8: 0.1 | C8: 3 | D8: =C8*B8 -> 0.3 | F8: =D67 -> 4.2
A9: Does it provide actionable insights that support the decision making? (Completeness) | B9: 0.1 | C9: 3 | D9: =C9*B9 -> 0.3 | F9: =D78 -> 3.65
A10: Is there a coherent argumentation and reasoning provided for the interpretation based on the information provided? (Context-Awareness) | B10: 0.25 | C10: 4 | D10: =C10*B10 -> 1 | F10: =D89 -> 4.1
A11: Does it avoid irrelevant and excessive information and is concise? (Length) | B11: 0.1 | C11: 5 | D11: =C11*B11 -> 0.5 | F11: =D100 -> 3.65
B12: =SUM(B5:B11) -> 1 | D12: =SUM(D5:D11) -> 3.9
A14: gwen3.5 | P
A15: Metric | B15: Weight | C15: Score [1,5] | D15: Weighted Score
A16: Is the explanation technically correct and based on the information provided without distorting the diagnostic information? (Soundness) | B16: 0.25 | C16: 4 | D16: =C16*B16 -> 1
A17: Is the explanation readable, coherent and easy to understand for non-experts? (Fluency) | B17: 0.1 | C17: 5 | D17: =C17*B17 -> 0.5
A18: Is the available information used for the reasoning? (Performance/Feature Importance/Combination) (Completeness) | B18: 0.1 | C18: 3 | D18: =C18*B18 -> 0.3
A19: Does it answer why the specific device is behaving unusually or has a bad performance? (Completeness) | B19: 0.1 | C19: 4 | D19: =C19*B19 -> 0.4
A20: Does it provide actionable insights that support the decision making? (Completeness) | B20: 0.1 | C20: 4 | D20: =C20*B20 -> 0.4
A21: Is there a coherent argumentation and reasoning provided for the interpretation based on the information provided? (Context-Awareness) | B21: 0.25 | C21: 4 | D21: =C21*B21 -> 1
A22: Does it avoid irrelevant and excessive information and is concise? (Length) | B22: 0.1 | C22: 5 | D22: =C22*B22 -> 0.5
B23: =SUM(B16:B22) -> 1 | D23: =SUM(D16:D22) -> 4.1
A25: gwen3.5 | FI + P
A26: Metric | B26: Weight | C26: Score [1,5] | D26: Weighted Score
A27: Is the explanation technically correct and based on the information provided without distorting the diagnostic information? (Soundness) | B27: 0.25 | C27: 4 | D27: =C27*B27 -> 1
A28: Is the explanation readable, coherent and easy to understand for non-experts? (Fluency) | B28: 0.1 | C28: 5 | D28: =C28*B28 -> 0.5
A29: Is the available information used for the reasoning? (Performance/Feature Importance/Combination) (Completeness) | B29: 0.1 | C29: 3 | D29: =C29*B29 -> 0.3
A30: Does it answer why the specific device is behaving unusually or has a bad performance? (Completeness) | B30: 0.1 | C30: 4 | D30: =C30*B30 -> 0.4
A31: Does it provide actionable insights that support the decision making? (Completeness) | B31: 0.1 | C31: 2 | D31: =C31*B31 -> 0.2
A32: Is there a coherent argumentation and reasoning provided for the interpretation based on the information provided? (Context-Awareness) | B32: 0.25 | C32: 4 | D32: =C32*B32 -> 1
A33: Does it avoid irrelevant and excessive information and is concise? (Length) | B33: 0.1 | C33: 5 | D33: =C33*B33 -> 0.5
B34: =SUM(B27:B33) -> 1 | D34: =SUM(D27:D33) -> 3.9
A36: deepseek-v3.2 | FI
A37: Metric | B37: Weight | C37: Score [1,5] | D37: Weighted Score
A38: Is the explanation technically correct and based on the information provided without distorting the diagnostic information? (Soundness) | B38: 0.25 | C38: 4 | D38: =C38*B38 -> 1
A39: Is the explanation readable, coherent and easy to understand for non-experts? (Fluency) | B39: 0.1 | C39: 5 | D39: =C39*B39 -> 0.5
A40: Is the available information used for the reasoning? (Performance/Feature Importance/Combination) (Completeness) | B40: 0.1 | C40: 3 | D40: =C40*B40 -> 0.3
A41: Does it answer why the specific device is behaving unusually or has a bad performance? (Completeness) | B41: 0.1 | C41: 3 | D41: =C41*B41 -> 0.3
A42: Does it provide actionable insights that support the decision making? (Completeness) | B42: 0.1 | C42: 4 | D42: =C42*B42 -> 0.4
A43: Is there a coherent argumentation and reasoning provided for the interpretation based on the information provided? (Context-Awareness) | B43: 0.25 | C43: 4 | D43: =C43*B43 -> 1
A44: Does it avoid irrelevant and excessive information and is concise? (Length) | B44: 0.1 | C44: 5 | D44: =C44*B44 -> 0.5
B45: =SUM(B38:B44) -> 1 | D45: =SUM(D38:D44) -> 4
A47: deepseek-v3.2 | P
A48: Metric | B48: Weight | C48: Score [1,5] | D48: Weighted Score
A49: Is the explanation technically correct and based on the information provided without distorting the diagnostic information? (Soundness) | B49: 0.25 | C49: 3 | D49: =C49*B49 -> 0.75
A50: Is the explanation readable, coherent and easy to understand for non-experts? (Fluency) | B50: 0.1 | C50: 4 | D50: =C50*B50 -> 0.4
A51: Is the available information used for the reasoning? (Performance/Feature Importance/Combination) (Completeness) | B51: 0.1 | C51: 3 | D51: =C51*B51 -> 0.3
A52: Does it answer why the specific device is behaving unusually or has a bad performance? (Completeness) | B52: 0.1 | C52: 3 | D52: =C52*B52 -> 0.3
A53: Does it provide actionable insights that support the decision making? (Completeness) | B53: 0.1 | C53: 3 | D53: =C53*B53 -> 0.3
A54: Is there a coherent argumentation and reasoning provided for the interpretation based on the information provided? (Context-Awareness) | B54: 0.25 | C54: 3 | D54: =C54*B54 -> 0.75
A55: Does it avoid irrelevant and excessive information and is concise? (Length) | B55: 0.1 | C55: 4 | D55: =C55*B55 -> 0.4
B56: =SUM(B49:B55) -> 1 | D56: =SUM(D49:D55) -> 3.2
A58: deepseek-v3.2 | FI + P
A59: Metric | B59: Weight | C59: Score [1,5] | D59: Weighted Score
A60: Is the explanation technically correct and based on the information provided without distorting the diagnostic information? (Soundness) | B60: 0.25 | C60: 4 | D60: =C60*B60 -> 1
A61: Is the explanation readable, coherent and easy to understand for non-experts? (Fluency) | B61: 0.1 | C61: 5 | D61: =C61*B61 -> 0.5
A62: Is the available information used for the reasoning? (Performance/Feature Importance/Combination) (Completeness) | B62: 0.1 | C62: 4 | D62: =C62*B62 -> 0.4
A63: Does it answer why the specific device is behaving unusually or has a bad performance? (Completeness) | B63: 0.1 | C63: 4 | D63: =C63*B63 -> 0.4
A64: Does it provide actionable insights that support the decision making? (Completeness) | B64: 0.1 | C64: 5 | D64: =C64*B64 -> 0.5
A65: Is there a coherent argumentation and reasoning provided for the interpretation based on the information provided? (Context-Awareness) | B65: 0.25 | C65: 4 | D65: =C65*B65 -> 1
A66: Does it avoid irrelevant and excessive information and is concise? (Length) | B66: 0.1 | C66: 4 | D66: =C66*B66 -> 0.4
B67: =SUM(B60:B66) -> 1 | D67: =SUM(D60:D66) -> 4.2
A69: kimi-k2.5 | FI
A70: Metric | B70: Weight | C70: Score [1,5] | D70: Weighted Score
A71: Is the explanation technically correct and based on the information provided without distorting the diagnostic information? (Soundness) | B71: 0.25 | C71: 3 | D71: =C71*B71 -> 0.75
A72: Is the explanation readable, coherent and easy to understand for non-experts? (Fluency) | B72: 0.1 | C72: 5 | D72: =C72*B72 -> 0.5
A73: Is the available information used for the reasoning? (Performance/Feature Importance/Combination) (Completeness) | B73: 0.1 | C73: 3 | D73: =C73*B73 -> 0.3
A74: Does it answer why the specific device is behaving unusually or has a bad performance? (Completeness) | B74: 0.1 | C74: 3 | D74: =C74*B74 -> 0.3
A75: Does it provide actionable insights that support the decision making? (Completeness) | B75: 0.1 | C75: 4 | D75: =C75*B75 -> 0.4
A76: Is there a coherent argumentation and reasoning provided for the interpretation based on the information provided? (Context-Awareness) | B76: 0.25 | C76: 4 | D76: =C76*B76 -> 1
A77: Does it avoid irrelevant and excessive information and is concise? (Length) | B77: 0.1 | C77: 4 | D77: =C77*B77 -> 0.4
B78: =SUM(B71:B77) -> 1 | D78: =SUM(D71:D77) -> 3.65
A80: kimi-k2.5 | P
A81: Metric | B81: Weight | C81: Score [1,5] | D81: Weighted Score
A82: Is the explanation technically correct and based on the information provided without distorting the diagnostic information? (Soundness) | B82: 0.25 | C82: 4 | D82: =C82*B82 -> 1
A83: Is the explanation readable, coherent and easy to understand for non-experts? (Fluency) | B83: 0.1 | C83: 5 | D83: =C83*B83 -> 0.5
A84: Is the available information used for the reasoning? (Performance/Feature Importance/Combination) (Completeness) | B84: 0.1 | C84: 4 | D84: =C84*B84 -> 0.4
A85: Does it answer why the specific device is behaving unusually or has a bad performance? (Completeness) | B85: 0.1 | C85: 4 | D85: =C85*B85 -> 0.4
A86: Does it provide actionable insights that support the decision making? (Completeness) | B86: 0.1 | C86: 4 | D86: =C86*B86 -> 0.4
A87: Is there a coherent argumentation and reasoning provided for the interpretation based on the information provided? (Context-Awareness) | B87: 0.25 | C87: 4 | D87: =C87*B87 -> 1
A88: Does it avoid irrelevant and excessive information and is concise? (Length) | B88: 0.1 | C88: 4 | D88: =C88*B88 -> 0.4
B89: =SUM(B82:B88) -> 1 | D89: =SUM(D82:D88) -> 4.1
A91: kimi-k2.5 | FI + P
A92: Metric | B92: Weight | C92: Score [1,5] | D92: Weighted Score
A93: Is the explanation technically correct and based on the information provided without distorting the diagnostic information? (Soundness) | B93: 0.25 | C93: 3 | D93: =C93*B93 -> 0.75
A94: Is the explanation readable, coherent and easy to understand for non-experts? (Fluency) | B94: 0.1 | C94: 5 | D94: =C94*B94 -> 0.5
A95: Is the available information used for the reasoning? (Performance/Feature Importance/Combination) (Completeness) | B95: 0.1 | C95: 3 | D95: =C95*B95 -> 0.3
A96: Does it answer why the specific device is behaving unusually or has a bad performance? (Completeness) | B96: 0.1 | C96: 3 | D96: =C96*B96 -> 0.3
A97: Does it provide actionable insights that support the decision making? (Completeness) | B97: 0.1 | C97: 4 | D97: =C97*B97 -> 0.4
A98: Is there a coherent argumentation and reasoning provided for the interpretation based on the information provided? (Context-Awareness) | B98: 0.25 | C98: 4 | D98: =C98*B98 -> 1
A99: Does it avoid irrelevant and excessive information and is concise? (Length) | B99: 0.1 | C99: 4 | D99: =C99*B99 -> 0.4
B100: =SUM(B93:B99) -> 1 | D100: =SUM(D93:D99) -> 3.65

Sheet d3235 #2
A1: Max Score: | B1: 5
F2: Weighted Score:
A3: gwen3.5 | FI | F3: =D12 -> 4.1
A4: Metric | B4: Weight | C4: Score [1,5] | D4: Weighted Score | F4: =D23 -> 3.65
A5: Is the explanation technically correct and based on the information provided without distorting the diagnostic information? (Soundness) | B5: 0.25 | C5: 4 | D5: =C5*B5 -> 1 | F5: =D34 -> 3.75
A6: Is the explanation readable, coherent and easy to understand for non-experts? (Fluency) | B6: 0.1 | C6: 5 | D6: =C6*B6 -> 0.5 | F6: =D45 -> 3.3
A7: Is the available information used for the reasoning? (Performance/Feature Importance/Combination) (Completeness) | B7: 0.1 | C7: 4 | D7: =C7*B7 -> 0.4 | F7: =D56 -> 4.1
A8: Does it answer why the specific device is behaving unusually or has a bad performance? (Completeness) | B8: 0.1 | C8: 4 | D8: =C8*B8 -> 0.4 | F8: =D67 -> 4
A9: Does it provide actionable insights that support the decision making? (Completeness) | B9: 0.1 | C9: 4 | D9: =C9*B9 -> 0.4 | F9: =D78 -> 4.9
A10: Is there a coherent argumentation and reasoning provided for the interpretation based on the information provided? (Context-Awareness) | B10: 0.25 | C10: 4 | D10: =C10*B10 -> 1 | F10: =D89 -> 4.1
A11: Does it avoid irrelevant and excessive information and is concise? (Length) | B11: 0.1 | C11: 4 | D11: =C11*B11 -> 0.4 | F11: =D100 -> 4.65
B12: =SUM(B5:B11) -> 1 | D12: =SUM(D5:D11) -> 4.1
A14: gwen3.5 | P
A15: Metric | B15: Weight | C15: Score [1,5] | D15: Weighted Score
A16: Is the explanation technically correct and based on the information provided without distorting the diagnostic information? (Soundness) | B16: 0.25 | C16: 3 | D16: =C16*B16 -> 0.75
A17: Is the explanation readable, coherent and easy to understand for non-experts? (Fluency) | B17: 0.1 | C17: 5 | D17: =C17*B17 -> 0.5
A18: Is the available information used for the reasoning? (Performance/Feature Importance/Combination) (Completeness) | B18: 0.1 | C18: 3 | D18: =C18*B18 -> 0.3
A19: Does it answer why the specific device is behaving unusually or has a bad performance? (Completeness) | B19: 0.1 | C19: 3 | D19: =C19*B19 -> 0.3
A20: Does it provide actionable insights that support the decision making? (Completeness) | B20: 0.1 | C20: 4 | D20: =C20*B20 -> 0.4
A21: Is there a coherent argumentation and reasoning provided for the interpretation based on the information provided? (Context-Awareness) | B21: 0.25 | C21: 4 | D21: =C21*B21 -> 1
A22: Does it avoid irrelevant and excessive information and is concise? (Length) | B22: 0.1 | C22: 4 | D22: =C22*B22 -> 0.4
B23: =SUM(B16:B22) -> 1 | D23: =SUM(D16:D22) -> 3.65
A25: gwen3.5 | FI + P
A26: Metric | B26: Weight | C26: Score [1,5] | D26: Weighted Score
A27: Is the explanation technically correct and based on the information provided without distorting the diagnostic information? (Soundness) | B27: 0.25 | C27: 3 | D27: =C27*B27 -> 0.75
A28: Is the explanation readable, coherent and easy to understand for non-experts? (Fluency) | B28: 0.1 | C28: 5 | D28: =C28*B28 -> 0.5
A29: Is the available information used for the reasoning? (Performance/Feature Importance/Combination) (Completeness) | B29: 0.1 | C29: 4 | D29: =C29*B29 -> 0.4
A30: Does it answer why the specific device is behaving unusually or has a bad performance? (Completeness) | B30: 0.1 | C30: 4 | D30: =C30*B30 -> 0.4
A31: Does it provide actionable insights that support the decision making? (Completeness) | B31: 0.1 | C31: 4 | D31: =C31*B31 -> 0.4
A32: Is there a coherent argumentation and reasoning provided for the interpretation based on the information provided? (Context-Awareness) | B32: 0.25 | C32: 4 | D32: =C32*B32 -> 1
A33: Does it avoid irrelevant and excessive information and is concise? (Length) | B33: 0.1 | C33: 3 | D33: =C33*B33 -> 0.3
B34: =SUM(B27:B33) -> 1 | D34: =SUM(D27:D33) -> 3.75
A36: deepseek-v3.2 | FI
A37: Metric | B37: Weight | C37: Score [1,5] | D37: Weighted Score
A38: Is the explanation technically correct and based on the information provided without distorting the diagnostic information? (Soundness) | B38: 0.25 | C38: 3 | D38: =C38*B38 -> 0.75
A39: Is the explanation readable, coherent and easy to understand for non-experts? (Fluency) | B39: 0.1 | C39: 4 | D39: =C39*B39 -> 0.4
A40: Is the available information used for the reasoning? (Performance/Feature Importance/Combination) (Completeness) | B40: 0.1 | C40: 3 | D40: =C40*B40 -> 0.3
A41: Does it answer why the specific device is behaving unusually or has a bad performance? (Completeness) | B41: 0.1 | C41: 3 | D41: =C41*B41 -> 0.3
A42: Does it provide actionable insights that support the decision making? (Completeness) | B42: 0.1 | C42: 4 | D42: =C42*B42 -> 0.4
A43: Is there a coherent argumentation and reasoning provided for the interpretation based on the information provided? (Context-Awareness) | B43: 0.25 | C43: 3 | D43: =C43*B43 -> 0.75
A44: Does it avoid irrelevant and excessive information and is concise? (Length) | B44: 0.1 | C44: 4 | D44: =C44*B44 -> 0.4
B45: =SUM(B38:B44) -> 1 | D45: =SUM(D38:D44) -> 3.3
A47: deepseek-v3.2 | P
A48: Metric | B48: Weight | C48: Score [1,5] | D48: Weighted Score
A49: Is the explanation technically correct and based on the information provided without distorting the diagnostic information? (Soundness) | B49: 0.25 | C49: 4 | D49: =C49*B49 -> 1
A50: Is the explanation readable, coherent and easy to understand for non-experts? (Fluency) | B50: 0.1 | C50: 5 | D50: =C50*B50 -> 0.5
A51: Is the available information used for the reasoning? (Performance/Feature Importance/Combination) (Completeness) | B51: 0.1 | C51: 4 | D51: =C51*B51 -> 0.4
A52: Does it answer why the specific device is behaving unusually or has a bad performance? (Completeness) | B52: 0.1 | C52: 4 | D52: =C52*B52 -> 0.4
A53: Does it provide actionable insights that support the decision making? (Completeness) | B53: 0.1 | C53: 4 | D53: =C53*B53 -> 0.4
A54: Is there a coherent argumentation and reasoning provided for the interpretation based on the information provided? (Context-Awareness) | B54: 0.25 | C54: 4 | D54: =C54*B54 -> 1
A55: Does it avoid irrelevant and excessive information and is concise? (Length) | B55: 0.1 | C55: 4 | D55: =C55*B55 -> 0.4
B56: =SUM(B49:B55) -> 1 | D56: =SUM(D49:D55) -> 4.1
A58: deepseek-v3.2 | FI + P
A59: Metric | B59: Weight | C59: Score [1,5] | D59: Weighted Score
A60: Is the explanation technically correct and based on the information provided without distorting the diagnostic information? (Soundness) | B60: 0.25 | C60: 4 | D60: =C60*B60 -> 1
A61: Is the explanation readable, coherent and easy to understand for non-experts? (Fluency) | B61: 0.1 | C61: 5 | D61: =C61*B61 -> 0.5
A62: Is the available information used for the reasoning? (Performance/Feature Importance/Combination) (Completeness) | B62: 0.1 | C62: 4 | D62: =C62*B62 -> 0.4
A63: Does it answer why the specific device is behaving unusually or has a bad performance? (Completeness) | B63: 0.1 | C63: 4 | D63: =C63*B63 -> 0.4
A64: Does it provide actionable insights that support the decision making? (Completeness) | B64: 0.1 | C64: 3 | D64: =C64*B64 -> 0.3
A65: Is there a coherent argumentation and reasoning provided for the interpretation based on the information provided? (Context-Awareness) | B65: 0.25 | C65: 4 | D65: =C65*B65 -> 1
A66: Does it avoid irrelevant and excessive information and is concise? (Length) | B66: 0.1 | C66: 4 | D66: =C66*B66 -> 0.4
B67: =SUM(B60:B66) -> 1 | D67: =SUM(D60:D66) -> 4
A69: kimi-k2.5 | FI
A70: Metric | B70: Weight | C70: Score [1,5] | D70: Weighted Score
A71: Is the explanation technically correct and based on the information provided without distorting the diagnostic information? (Soundness) | B71: 0.25 | C71: 5 | D71: =C71*B71 -> 1.25
A72: Is the explanation readable, coherent and easy to understand for non-experts? (Fluency) | B72: 0.1 | C72: 5 | D72: =C72*B72 -> 0.5
A73: Is the available information used for the reasoning? (Performance/Feature Importance/Combination) (Completeness) | B73: 0.1 | C73: 5 | D73: =C73*B73 -> 0.5
A74: Does it answer why the specific device is behaving unusually or has a bad performance? (Completeness) | B74: 0.1 | C74: 5 | D74: =C74*B74 -> 0.5
A75: Does it provide actionable insights that support the decision making? (Completeness) | B75: 0.1 | C75: 4 | D75: =C75*B75 -> 0.4
A76: Is there a coherent argumentation and reasoning provided for the interpretation based on the information provided? (Context-Awareness) | B76: 0.25 | C76: 5 | D76: =C76*B76 -> 1.25
A77: Does it avoid irrelevant and excessive information and is concise? (Length) | B77: 0.1 | C77: 5 | D77: =C77*B77 -> 0.5
B78: =SUM(B71:B77) -> 1 | D78: =SUM(D71:D77) -> 4.9
A80: kimi-k2.5 | P
A81: Metric | B81: Weight | C81: Score [1,5] | D81: Weighted Score
A82: Is the explanation technically correct and based on the information provided without distorting the diagnostic information? (Soundness) | B82: 0.25 | C82: 4 | D82: =C82*B82 -> 1
A83: Is the explanation readable, coherent and easy to understand for non-experts? (Fluency) | B83: 0.1 | C83: 5 | D83: =C83*B83 -> 0.5
A84: Is the available information used for the reasoning? (Performance/Feature Importance/Combination) (Completeness) | B84: 0.1 | C84: 4 | D84: =C84*B84 -> 0.4
A85: Does it answer why the specific device is behaving unusually or has a bad performance? (Completeness) | B85: 0.1 | C85: 4 | D85: =C85*B85 -> 0.4
A86: Does it provide actionable insights that support the decision making? (Completeness) | B86: 0.1 | C86: 4 | D86: =C86*B86 -> 0.4
A87: Is there a coherent argumentation and reasoning provided for the interpretation based on the information provided? (Context-Awareness) | B87: 0.25 | C87: 4 | D87: =C87*B87 -> 1
A88: Does it avoid irrelevant and excessive information and is concise? (Length) | B88: 0.1 | C88: 4 | D88: =C88*B88 -> 0.4
B89: =SUM(B82:B88) -> 1 | D89: =SUM(D82:D88) -> 4.1
A91: kimi-k2.5 | FI + P
A92: Metric | B92: Weight | C92: Score [1,5] | D92: Weighted Score
A93: Is the explanation technically correct and based on the information provided without distorting the diagnostic information? (Soundness) | B93: 0.25 | C93: 4 | D93: =C93*B93 -> 1
A94: Is the explanation readable, coherent and easy to understand for non-experts? (Fluency) | B94: 0.1 | C94: 5 | D94: =C94*B94 -> 0.5
A95: Is the available information used for the reasoning? (Performance/Feature Importance/Combination) (Completeness) | B95: 0.1 | C95: 5 | D95: =C95*B95 -> 0.5
A96: Does it answer why the specific device is behaving unusually or has a bad performance? (Completeness) | B96: 0.1 | C96: 5 | D96: =C96*B96 -> 0.5
A97: Does it provide actionable insights that support the decision making? (Completeness) | B97: 0.1 | C97: 5 | D97: =C97*B97 -> 0.5
A98: Is there a coherent argumentation and reasoning provided for the interpretation based on the information provided? (Context-Awareness) | B98: 0.25 | C98: 5 | D98: =C98*B98 -> 1.25
A99: Does it avoid irrelevant and excessive information and is concise? (Length) | B99: 0.1 | C99: 4 | D99: =C99*B99 -> 0.4
B100: =SUM(B93:B99) -> 1 | D100: =SUM(D93:D99) -> 4.65

Sheet d131 #3
A1: Max Score: | B1: 5
F2: Weighted Score:
A3: gwen3.5 | FI | F3: =D12 -> 4.1
A4: Metric | B4: Weight | C4: Score [1,5] | D4: Weighted Score | F4: =D23 -> 4.3
A5: Is the explanation technically correct and based on the information provided without distorting the diagnostic information? (Soundness) | B5: 0.25 | C5: 4 | D5: =C5*B5 -> 1 | F5: =D34 -> 4.3
A6: Is the explanation readable, coherent and easy to understand for non-experts? (Fluency) | B6: 0.1 | C6: 5 | D6: =C6*B6 -> 0.5 | F6: =D45 -> 4.1
A7: Is the available information used for the reasoning? (Performance/Feature Importance/Combination) (Completeness) | B7: 0.1 | C7: 4 | D7: =C7*B7 -> 0.4 | F7: =D56 -> 4.2
A8: Does it answer why the specific device is behaving unusually or has a bad performance? (Completeness) | B8: 0.1 | C8: 4 | D8: =C8*B8 -> 0.4 | F8: =D67 -> 4.2
A9: Does it provide actionable insights that support the decision making? (Completeness) | B9: 0.1 | C9: 3 | D9: =C9*B9 -> 0.3 | F9: =D78 -> 3.4
A10: Is there a coherent argumentation and reasoning provided for the interpretation based on the information provided? (Context-Awareness) | B10: 0.25 | C10: 4 | D10: =C10*B10 -> 1 | F10: =D89 -> 3.85
A11: Does it avoid irrelevant and excessive information and is concise? (Length) | B11: 0.1 | C11: 5 | D11: =C11*B11 -> 0.5 | F11: =D100 -> 4.75
B12: =SUM(B5:B11) -> 1 | D12: =SUM(D5:D11) -> 4.1
A14: gwen3.5 | P
A15: Metric | B15: Weight | C15: Score [1,5] | D15: Weighted Score
A16: Is the explanation technically correct and based on the information provided without distorting the diagnostic information? (Soundness) | B16: 0.25 | C16: 4 | D16: =C16*B16 -> 1
A17: Is the explanation readable, coherent and easy to understand for non-experts? (Fluency) | B17: 0.1 | C17: 5 | D17: =C17*B17 -> 0.5
A18: Is the available information used for the reasoning? (Performance/Feature Importance/Combination) (Completeness) | B18: 0.1 | C18: 4 | D18: =C18*B18 -> 0.4
A19: Does it answer why the specific device is behaving unusually or has a bad performance? (Completeness) | B19: 0.1 | C19: 4 | D19: =C19*B19 -> 0.4
A20: Does it provide actionable insights that support the decision making? (Completeness) | B20: 0.1 | C20: 5 | D20: =C20*B20 -> 0.5
A21: Is there a coherent argumentation and reasoning provided for the interpretation based on the information provided? (Context-Awareness) | B21: 0.25 | C21: 4 | D21: =C21*B21 -> 1
A22: Does it avoid irrelevant and excessive information and is concise? (Length) | B22: 0.1 | C22: 5 | D22: =C22*B22 -> 0.5
B23: =SUM(B16:B22) -> 1 | D23: =SUM(D16:D22) -> 4.3
A25: gwen3.5 | FI + P
A26: Metric | B26: Weight | C26: Score [1,5] | D26: Weighted Score
A27: Is the explanation technically correct and based on the information provided without distorting the diagnostic information? (Soundness) | B27: 0.25 | C27: 4 | D27: =C27*B27 -> 1
A28: Is the explanation readable, coherent and easy to understand for non-experts? (Fluency) | B28: 0.1 | C28: 5 | D28: =C28*B28 -> 0.5
A29: Is the available information used for the reasoning? (Performance/Feature Importance/Combination) (Completeness) | B29: 0.1 | C29: 4 | D29: =C29*B29 -> 0.4
A30: Does it answer why the specific device is behaving unusually or has a bad performance? (Completeness) | B30: 0.1 | C30: 5 | D30: =C30*B30 -> 0.5
A31: Does it provide actionable insights that support the decision making? (Completeness) | B31: 0.1 | C31: 5 | D31: =C31*B31 -> 0.5
A32: Is there a coherent argumentation and reasoning provided for the interpretation based on the information provided? (Context-Awareness) | B32: 0.25 | C32: 4 | D32: =C32*B32 -> 1
A33: Does it avoid irrelevant and excessive information and is concise? (Length) | B33: 0.1 | C33: 4 | D33: =C33*B33 -> 0.4
B34: =SUM(B27:B33) -> 1 | D34: =SUM(D27:D33) -> 4.3
A36: deepseek-v3.2 | FI
A37: Metric | B37: Weight | C37: Score [1,5] | D37: Weighted Score
A38: Is the explanation technically correct and based on the information provided without distorting the diagnostic information? (Soundness) | B38: 0.25 | C38: 4 | D38: =C38*B38 -> 1
A39: Is the explanation readable, coherent and easy to understand for non-experts? (Fluency) | B39: 0.1 | C39: 5 | D39: =C39*B39 -> 0.5
A40: Is the available information used for the reasoning? (Performance/Feature Importance/Combination) (Completeness) | B40: 0.1 | C40: 4 | D40: =C40*B40 -> 0.4
A41: Does it answer why the specific device is behaving unusually or has a bad performance? (Completeness) | B41: 0.1 | C41: 4 | D41: =C41*B41 -> 0.4
A42: Does it provide actionable insights that support the decision making? (Completeness) | B42: 0.1 | C42: 4 | D42: =C42*B42 -> 0.4
A43: Is there a coherent argumentation and reasoning provided for the interpretation based on the information provided? (Context-Awareness) | B43: 0.25 | C43: 4 | D43: =C43*B43 -> 1
A44: Does it avoid irrelevant and excessive information and is concise? (Length) | B44: 0.1 | C44: 4 | D44: =C44*B44 -> 0.4
B45: =SUM(B38:B44) -> 1 | D45: =SUM(D38:D44) -> 4.1
A47: deepseek-v3.2 | P
A48: Metric | B48: Weight | C48: Score [1,5] | D48: Weighted Score
A49: Is the explanation technically correct and based on the information provided without distorting the diagnostic information? (Soundness) | B49: 0.25 | C49: 4 | D49: =C49*B49 -> 1
A50: Is the explanation readable, coherent and easy to understand for non-experts? (Fluency) | B50: 0.1 | C50: 5 | D50: =C50*B50 -> 0.5
A51: Is the available information used for the reasoning? (Performance/Feature Importance/Combination) (Completeness) | B51: 0.1 | C51: 4 | D51: =C51*B51 -> 0.4
A52: Does it answer why the specific device is behaving unusually or has a bad performance? (Completeness) | B52: 0.1 | C52: 5 | D52: =C52*B52 -> 0.5
A53: Does it provide actionable insights that support the decision making? (Completeness) | B53: 0.1 | C53: 3 | D53: =C53*B53 -> 0.3
A54: Is there a coherent argumentation and reasoning provided for the interpretation based on the information provided? (Context-Awareness) | B54: 0.25 | C54: 4 | D54: =C54*B54 -> 1
A55: Does it avoid irrelevant and excessive information and is concise? (Length) | B55: 0.1 | C55: 5 | D55: =C55*B55 -> 0.5
B56: =SUM(B49:B55) -> 1 | D56: =SUM(D49:D55) -> 4.2
A58: deepseek-v3.2 | FI + P
A59: Metric | B59: Weight | C59: Score [1,5] | D59: Weighted Score
A60: Is the explanation technically correct and based on the information provided without distorting the diagnostic information? (Soundness) | B60: 0.25 | C60: 4 | D60: =C60*B60 -> 1
A61: Is the explanation readable, coherent and easy to understand for non-experts? (Fluency) | B61: 0.1 | C61: 5 | D61: =C61*B61 -> 0.5
A62: Is the available information used for the reasoning? (Performance/Feature Importance/Combination) (Completeness) | B62: 0.1 | C62: 5 | D62: =C62*B62 -> 0.5
A63: Does it answer why the specific device is behaving unusually or has a bad performance? (Completeness) | B63: 0.1 | C63: 5 | D63: =C63*B63 -> 0.5
A64: Does it provide actionable insights that support the decision making? (Completeness) | B64: 0.1 | C64: 3 | D64: =C64*B64 -> 0.3
A65: Is there a coherent argumentation and reasoning provided for the interpretation based on the information provided? (Context-Awareness) | B65: 0.25 | C65: 4 | D65: =C65*B65 -> 1
A66: Does it avoid irrelevant and excessive information and is concise? (Length) | B66: 0.1 | C66: 4 | D66: =C66*B66 -> 0.4
B67: =SUM(B60:B66) -> 1 | D67: =SUM(D60:D66) -> 4.2
A69: kimi-k2.5 | FI
A70: Metric | B70: Weight | C70: Score [1,5] | D70: Weighted Score
A71: Is the explanation technically correct and based on the information provided without distorting the diagnostic information? (Soundness) | B71: 0.25 | C71: 3 | D71: =C71*B71 -> 0.75
A72: Is the explanation readable, coherent and easy to understand for non-experts? (Fluency) | B72: 0.1 | C72: 5 | D72: =C72*B72 -> 0.5
A73: Is the available information used for the reasoning? (Performance/Feature Importance/Combination) (Completeness) | B73: 0.1 | C73: 3 | D73: =C73*B73 -> 0.3
A74: Does it answer why the specific device is behaving unusually or has a bad performance? (Completeness) | B74: 0.1 | C74: 3 | D74: =C74*B74 -> 0.3
A75: Does it provide actionable insights that support the decision making? (Completeness) | B75: 0.1 | C75: 3 | D75: =C75*B75 -> 0.3
A76: Is there a coherent argumentation and reasoning provided for the interpretation based on the information provided? (Context-Awareness) | B76: 0.25 | C76: 3 | D76: =C76*B76 -> 0.75
A77: Does it avoid irrelevant and excessive information and is concise? (Length) | B77: 0.1 | C77: 5 | D77: =C77*B77 -> 0.5
B78: =SUM(B71:B77) -> 1 | D78: =SUM(D71:D77) -> 3.4
A80: kimi-k2.5 | P
A81: Metric | B81: Weight | C81: Score [1,5] | D81: Weighted Score
A82: Is the explanation technically correct and based on the information provided without distorting the diagnostic information? (Soundness) | B82: 0.25 | C82: 3 | D82: =C82*B82 -> 0.75
A83: Is the explanation readable, coherent and easy to understand for non-experts? (Fluency) | B83: 0.1 | C83: 5 | D83: =C83*B83 -> 0.5
A84: Is the available information used for the reasoning? (Performance/Feature Importance/Combination) (Completeness) | B84: 0.1 | C84: 4 | D84: =C84*B84 -> 0.4
A85: Does it answer why the specific device is behaving unusually or has a bad performance? (Completeness) | B85: 0.1 | C85: 4 | D85: =C85*B85 -> 0.4
A86: Does it provide actionable insights that support the decision making? (Completeness) | B86: 0.1 | C86: 4 | D86: =C86*B86 -> 0.4
A87: Is there a coherent argumentation and reasoning provided for the interpretation based on the information provided? (Context-Awareness) | B87: 0.25 | C87: 4 | D87: =C87*B87 -> 1
A88: Does it avoid irrelevant and excessive information and is concise? (Length) | B88: 0.1 | C88: 4 | D88: =C88*B88 -> 0.4
B89: =SUM(B82:B88) -> 1 | D89: =SUM(D82:D88) -> 3.85
A91: kimi-k2.5 | FI + P
A92: Metric | B92: Weight | C92: Score [1,5] | D92: Weighted Score
A93: Is the explanation technically correct and based on the information provided without distorting the diagnostic information? (Soundness) | B93: 0.25 | C93: 4 | D93: =C93*B93 -> 1
A94: Is the explanation readable, coherent and easy to understand for non-experts? (Fluency) | B94: 0.1 | C94: 5 | D94: =C94*B94 -> 0.5
A95: Is the available information used for the reasoning? (Performance/Feature Importance/Combination) (Completeness) | B95: 0.1 | C95: 5 | D95: =C95*B95 -> 0.5
A96: Does it answer why the specific device is behaving unusually or has a bad performance? (Completeness) | B96: 0.1 | C96: 5 | D96: =C96*B96 -> 0.5
A97: Does it provide actionable insights that support the decision making? (Completeness) | B97: 0.1 | C97: 5 | D97: =C97*B97 -> 0.5
A98: Is there a coherent argumentation and reasoning provided for the interpretation based on the information provided? (Context-Awareness) | B98: 0.25 | C98: 5 | D98: =C98*B98 -> 1.25
A99: Does it avoid irrelevant and excessive information and is concise? (Length) | B99: 0.1 | C99: 5 | D99: =C99*B99 -> 0.5
B100: =SUM(B93:B99) -> 1 | D100: =SUM(D93:D99) -> 4.75

Sheet d393 #3
A1: Max Score: | B1: 5
F2: Weighted Score:
A3: gwen3.5 | FI | F3: =D12 -> 4.1
A4: Metric | B4: Weight | C4: Score [1,5] | D4: Weighted Score | F4: =D23 -> 4.2
A5: Is the explanation technically correct and based on the information provided without distorting the diagnostic information? (Soundness) | B5: 0.25 | C5: 4 | D5: =C5*B5 -> 1 | F5: =D34 -> 4.35
A6: Is the explanation readable, coherent and easy to understand for non-experts? (Fluency) | B6: 0.1 | C6: 5 | D6: =C6*B6 -> 0.5 | F6: =D45 -> 4.1
A7: Is the available information used for the reasoning? (Performance/Feature Importance/Combination) (Completeness) | B7: 0.1 | C7: 4 | D7: =C7*B7 -> 0.4 | F7: =D56 -> 3.3
A8: Does it answer why the specific device is behaving unusually or has a bad performance? (Completeness) | B8: 0.1 | C8: 4 | D8: =C8*B8 -> 0.4 | F8: =D67 -> 4.1
A9: Does it provide actionable insights that support the decision making? (Completeness) | B9: 0.1 | C9: 3 | D9: =C9*B9 -> 0.3 | F9: =D78 -> 3.85
A10: Is there a coherent argumentation and reasoning provided for the interpretation based on the information provided? (Context-Awareness) | B10: 0.25 | C10: 4 | D10: =C10*B10 -> 1 | F10: =D89 -> 3.55
A11: Does it avoid irrelevant and excessive information and is concise? (Length) | B11: 0.1 | C11: 5 | D11: =C11*B11 -> 0.5 | F11: =D100 -> 3.9
B12: =SUM(B5:B11) -> 1 | D12: =SUM(D5:D11) -> 4.1
A14: gwen3.5 | P
A15: Metric | B15: Weight | C15: Score [1,5] | D15: Weighted Score
A16: Is the explanation technically correct and based on the information provided without distorting the diagnostic information? (Soundness) | B16: 0.25 | C16: 4 | D16: =C16*B16 -> 1
A17: Is the explanation readable, coherent and easy to understand for non-experts? (Fluency) | B17: 0.1 | C17: 5 | D17: =C17*B17 -> 0.5
A18: Is the available information used for the reasoning? (Performance/Feature Importance/Combination) (Completeness) | B18: 0.1 | C18: 4 | D18: =C18*B18 -> 0.4
A19: Does it answer why the specific device is behaving unusually or has a bad performance? (Completeness) | B19: 0.1 | C19: 4 | D19: =C19*B19 -> 0.4
A20: Does it provide actionable insights that support the decision making? (Completeness) | B20: 0.1 | C20: 4 | D20: =C20*B20 -> 0.4
A21: Is there a coherent argumentation and reasoning provided for the interpretation based on the information provided? (Context-Awareness) | B21: 0.25 | C21: 4 | D21: =C21*B21 -> 1
A22: Does it avoid irrelevant and excessive information and is concise? (Length) | B22: 0.1 | C22: 5 | D22: =C22*B22 -> 0.5
B23: =SUM(B16:B22) -> 1 | D23: =SUM(D16:D22) -> 4.2
A25: gwen3.5 | FI + P
A26: Metric | B26: Weight | C26: Score [1,5] | D26: Weighted Score
A27: Is the explanation technically correct and based on the information provided without distorting the diagnostic information? (Soundness) | B27: 0.25 | C27: 4 | D27: =C27*B27 -> 1
A28: Is the explanation readable, coherent and easy to understand for non-experts? (Fluency) | B28: 0.1 | C28: 5 | D28: =C28*B28 -> 0.5
A29: Is the available information used for the reasoning? (Performance/Feature Importance/Combination) (Completeness) | B29: 0.1 | C29: 4 | D29: =C29*B29 -> 0.4
A30: Does it answer why the specific device is behaving unusually or has a bad performance? (Completeness) | B30: 0.1 | C30: 4 | D30: =C30*B30 -> 0.4
A31: Does it provide actionable insights that support the decision making? (Completeness) | B31: 0.1 | C31: 3 | D31: =C31*B31 -> 0.3
A32: Is there a coherent argumentation and reasoning provided for the interpretation based on the information provided? (Context-Awareness) | B32: 0.25 | C32: 5 | D32: =C32*B32 -> 1.25
A33: Does it avoid irrelevant and excessive information and is concise? (Length) | B33: 0.1 | C33: 5 | D33: =C33*B33 -> 0.5
B34: =SUM(B27:B33) -> 1 | D34: =SUM(D27:D33) -> 4.35
A36: deepseek-v3.2 | FI
A37: Metric | B37: Weight | C37: Score [1,5] | D37: Weighted Score
A38: Is the explanation technically correct and based on the information provided without distorting the diagnostic information? (Soundness) | B38: 0.25 | C38: 4 | D38: =C38*B38 -> 1
A39: Is the explanation readable, coherent and easy to understand for non-experts? (Fluency) | B39: 0.1 | C39: 5 | D39: =C39*B39 -> 0.5
A40: Is the available information used for the reasoning? (Performance/Feature Importance/Combination) (Completeness) | B40: 0.1 | C40: 4 | D40: =C40*B40 -> 0.4
A41: Does it answer why the specific device is behaving unusually or has a bad performance? (Completeness) | B41: 0.1 | C41: 4 | D41: =C41*B41 -> 0.4
A42: Does it provide actionable insights that support the decision making? (Completeness) | B42: 0.1 | C42: 4 | D42: =C42*B42 -> 0.4
A43: Is there a coherent argumentation and reasoning provided for the interpretation based on the information provided? (Context-Awareness) | B43: 0.25 | C43: 4 | D43: =C43*B43 -> 1
A44: Does it avoid irrelevant and excessive information and is concise? (Length) | B44: 0.1 | C44: 4 | D44: =C44*B44 -> 0.4
B45: =SUM(B38:B44) -> 1 | D45: =SUM(D38:D44) -> 4.1
A47: deepseek-v3.2 | P
A48: Metric | B48: Weight | C48: Score [1,5] | D48: Weighted Score
A49: Is the explanation technically correct and based on the information provided without distorting the diagnostic information? (Soundness) | B49: 0.25 | C49: 3 | D49: =C49*B49 -> 0.75
A50: Is the explanation readable, coherent and easy to understand for non-experts? (Fluency) | B50: 0.1 | C50: 4 | D50: =C50*B50 -> 0.4
A51: Is the available information used for the reasoning? (Performance/Feature Importance/Combination) (Completeness) | B51: 0.1 | C51: 3 | D51: =C51*B51 -> 0.3
A52: Does it answer why the specific device is behaving unusually or has a bad performance? (Completeness) | B52: 0.1 | C52: 3 | D52: =C52*B52 -> 0.3
A53: Does it provide actionable insights that support the decision making? (Completeness) | B53: 0.1 | C53: 4 | D53: =C53*B53 -> 0.4
A54: Is there a coherent argumentation and reasoning provided for the interpretation based on the information provided? (Context-Awareness) | B54: 0.25 | C54: 3 | D54: =C54*B54 -> 0.75
A55: Does it avoid irrelevant and excessive information and is concise? (Length) | B55: 0.1 | C55: 4 | D55: =C55*B55 -> 0.4
B56: =SUM(B49:B55) -> 1 | D56: =SUM(D49:D55) -> 3.3
A58: deepseek-v3.2 | FI + P
A59: Metric | B59: Weight | C59: Score [1,5] | D59: Weighted Score
A60: Is the explanation technically correct and based on the information provided without distorting the diagnostic information? (Soundness) | B60: 0.25 | C60: 4 | D60: =C60*B60 -> 1
A61: Is the explanation readable, coherent and easy to understand for non-experts? (Fluency) | B61: 0.1 | C61: 5 | D61: =C61*B61 -> 0.5
A62: Is the available information used for the reasoning? (Performance/Feature Importance/Combination) (Completeness) | B62: 0.1 | C62: 4 | D62: =C62*B62 -> 0.4
A63: Does it answer why the specific device is behaving unusually or has a bad performance? (Completeness) | B63: 0.1 | C63: 4 | D63: =C63*B63 -> 0.4
A64: Does it provide actionable insights that support the decision making? (Completeness) | B64: 0.1 | C64: 4 | D64: =C64*B64 -> 0.4
A65: Is there a coherent argumentation and reasoning provided for the interpretation based on the information provided? (Context-Awareness) | B65: 0.25 | C65: 4 | D65: =C65*B65 -> 1
A66: Does it avoid irrelevant and excessive information and is concise? (Length) | B66: 0.1 | C66: 4 | D66: =C66*B66 -> 0.4
B67: =SUM(B60:B66) -> 1 | D67: =SUM(D60:D66) -> 4.1
A69: kimi-k2.5 | FI
A70: Metric | B70: Weight | C70: Score [1,5] | D70: Weighted Score
A71: Is the explanation technically correct and based on the information provided without distorting the diagnostic information? (Soundness) | B71: 0.25 | C71: 3 | D71: =C71*B71 -> 0.75
A72: Is the explanation readable, coherent and easy to understand for non-experts? (Fluency) | B72: 0.1 | C72: 5 | D72: =C72*B72 -> 0.5
A73: Is the available information used for the reasoning? (Performance/Feature Importance/Combination) (Completeness) | B73: 0.1 | C73: 4 | D73: =C73*B73 -> 0.4
A74: Does it answer why the specific device is behaving unusually or has a bad performance? (Completeness) | B74: 0.1 | C74: 4 | D74: =C74*B74 -> 0.4
A75: Does it provide actionable insights that support the decision making? (Completeness) | B75: 0.1 | C75: 4 | D75: =C75*B75 -> 0.4
A76: Is there a coherent argumentation and reasoning provided for the interpretation based on the information provided? (Context-Awareness) | B76: 0.25 | C76: 4 | D76: =C76*B76 -> 1
A77: Does it avoid irrelevant and excessive information and is concise? (Length) | B77: 0.1 | C77: 4 | D77: =C77*B77 -> 0.4
B78: =SUM(B71:B77) -> 1 | D78: =SUM(D71:D77) -> 3.85
A80: kimi-k2.5 | P
A81: Metric | B81: Weight | C81: Score [1,5] | D81: Weighted Score
A82: Is the explanation technically correct and based on the information provided without distorting the diagnostic information? (Soundness) | B82: 0.25 | C82: 3 | D82: =C82*B82 -> 0.75
A83: Is the explanation readable, coherent and easy to understand for non-experts? (Fluency) | B83: 0.1 | C83: 4 | D83: =C83*B83 -> 0.4
A84: Is the available information used for the reasoning? (Performance/Feature Importance/Combination) (Completeness) | B84: 0.1 | C84: 3 | D84: =C84*B84 -> 0.3
A85: Does it answer why the specific device is behaving unusually or has a bad performance? (Completeness) | B85: 0.1 | C85: 4 | D85: =C85*B85 -> 0.4
A86: Does it provide actionable insights that support the decision making? (Completeness) | B86: 0.1 | C86: 3 | D86: =C86*B86 -> 0.3
A87: Is there a coherent argumentation and reasoning provided for the interpretation based on the information provided? (Context-Awareness) | B87: 0.25 | C87: 4 | D87: =C87*B87 -> 1
A88: Does it avoid irrelevant and excessive information and is concise? (Length) | B88: 0.1 | C88: 4 | D88: =C88*B88 -> 0.4
B89: =SUM(B82:B88) -> 1 | D89: =SUM(D82:D88) -> 3.55
A91: kimi-k2.5 | FI + P
A92: Metric | B92: Weight | C92: Score [1,5] | D92: Weighted Score
A93: Is the explanation technically correct and based on the information provided without distorting the diagnostic information? (Soundness) | B93: 0.25 | C93: 4 | D93: =C93*B93 -> 1
A94: Is the explanation readable, coherent and easy to understand for non-experts? (Fluency) | B94: 0.1 | C94: 5 | D94: =C94*B94 -> 0.5
A95: Is the available information used for the reasoning? (Performance/Feature Importance/Combination) (Completeness) | B95: 0.1 | C95: 3 | D95: =C95*B95 -> 0.3
A96: Does it answer why the specific device is behaving unusually or has a bad performance? (Completeness) | B96: 0.1 | C96: 3 | D96: =C96*B96 -> 0.3
A97: Does it provide actionable insights that support the decision making? (Completeness) | B97: 0.1 | C97: 4 | D97: =C97*B97 -> 0.4
A98: Is there a coherent argumentation and reasoning provided for the interpretation based on the information provided? (Context-Awareness) | B98: 0.25 | C98: 4 | D98: =C98*B98 -> 1
A99: Does it avoid irrelevant and excessive information and is concise? (Length) | B99: 0.1 | C99: 4 | D99: =C99*B99 -> 0.4
B100: =SUM(B93:B99) -> 1 | D100: =SUM(D93:D99) -> 3.9

Sheet d1456 #3
A1: Max Score: | B1: 5
F2: Weighted Score:
A3: gwen3.5 | FI | F3: =D12 -> 4.55
A4: Metric | B4: Weight | C4: Score [1,5] | D4: Weighted Score | F4: =D23 -> 3.5
A5: Is the explanation technically correct and based on the information provided without distorting the diagnostic information? (Soundness) | B5: 0.25 | C5: 4 | D5: =C5*B5 -> 1 | F5: =D34 -> 3.75
A6: Is the explanation readable, coherent and easy to understand for non-experts? (Fluency) | B6: 0.1 | C6: 5 | D6: =C6*B6 -> 0.5 | F6: =D45 -> 4.1
A7: Is the available information used for the reasoning? (Performance/Feature Importance/Combination) (Completeness) | B7: 0.1 | C7: 4 | D7: =C7*B7 -> 0.4 | F7: =D56 -> 4.1
A8: Does it answer why the specific device is behaving unusually or has a bad performance? (Completeness) | B8: 0.1 | C8: 4 | D8: =C8*B8 -> 0.4 | F8: =D67 -> 4.2
A9: Does it provide actionable insights that support the decision making? (Completeness) | B9: 0.1 | C9: 5 | D9: =C9*B9 -> 0.5 | F9: =D78 -> 3.75
A10: Is there a coherent argumentation and reasoning provided for the interpretation based on the information provided? (Context-Awareness) | B10: 0.25 | C10: 5 | D10: =C10*B10 -> 1.25 | F10: =D89 -> 4.2
A11: Does it avoid irrelevant and excessive information and is concise? (Length) | B11: 0.1 | C11: 5 | D11: =C11*B11 -> 0.5 | F11: =D100 -> 4.2
B12: =SUM(B5:B11) -> 1 | D12: =SUM(D5:D11) -> 4.55
A14: gwen3.5 | P
A15: Metric | B15: Weight | C15: Score [1,5] | D15: Weighted Score
A16: Is the explanation technically correct and based on the information provided without distorting the diagnostic information? (Soundness) | B16: 0.25 | C16: 3 | D16: =C16*B16 -> 0.75
A17: Is the explanation readable, coherent and easy to understand for non-experts? (Fluency) | B17: 0.1 | C17: 5 | D17: =C17*B17 -> 0.5
A18: Is the available information used for the reasoning? (Performance/Feature Importance/Combination) (Completeness) | B18: 0.1 | C18: 3 | D18: =C18*B18 -> 0.3
A19: Does it answer why the specific device is behaving unusually or has a bad performance? (Completeness) | B19: 0.1 | C19: 3 | D19: =C19*B19 -> 0.3
A20: Does it provide actionable insights that support the decision making? (Completeness) | B20: 0.1 | C20: 4 | D20: =C20*B20 -> 0.4
A21: Is there a coherent argumentation and reasoning provided for the interpretation based on the information provided? (Context-Awareness) | B21: 0.25 | C21: 3 | D21: =C21*B21 -> 0.75
A22: Does it avoid irrelevant and excessive information and is concise? (Length) | B22: 0.1 | C22: 5 | D22: =C22*B22 -> 0.5
B23: =SUM(B16:B22) -> 1 | D23: =SUM(D16:D22) -> 3.5
A25: gwen3.5 | FI + P
A26: Metric | B26: Weight | C26: Score [1,5] | D26: Weighted Score
A27: Is the explanation technically correct and based on the information provided without distorting the diagnostic information? (Soundness) | B27: 0.25 | C27: 4 | D27: =C27*B27 -> 1
A28: Is the explanation readable, coherent and easy to understand for non-experts? (Fluency) | B28: 0.1 | C28: 5 | D28: =C28*B28 -> 0.5
A29: Is the available information used for the reasoning? (Performance/Feature Importance/Combination) (Completeness) | B29: 0.1 | C29: 3 | D29: =C29*B29 -> 0.3
A30: Does it answer why the specific device is behaving unusually or has a bad performance? (Completeness) | B30: 0.1 | C30: 3 | D30: =C30*B30 -> 0.3
A31: Does it provide actionable insights that support the decision making? (Completeness) | B31: 0.1 | C31: 4 | D31: =C31*B31 -> 0.4
A32: Is there a coherent argumentation and reasoning provided for the interpretation based on the information provided? (Context-Awareness) | B32: 0.25 | C32: 3 | D32: =C32*B32 -> 0.75
A33: Does it avoid irrelevant and excessive information and is concise? (Length) | B33: 0.1 | C33: 5 | D33: =C33*B33 -> 0.5
B34: =SUM(B27:B33) -> 1 | D34: =SUM(D27:D33) -> 3.75
A36: deepseek-v3.2 | FI
A37: Metric | B37: Weight | C37: Score [1,5] | D37: Weighted Score
A38: Is the explanation technically correct and based on the information provided without distorting the diagnostic information? (Soundness) | B38: 0.25 | C38: 4 | D38: =C38*B38 -> 1
A39: Is the explanation readable, coherent and easy to understand for non-experts? (Fluency) | B39: 0.1 | C39: 5 | D39: =C39*B39 -> 0.5
A40: Is the available information used for the reasoning? (Performance/Feature Importance/Combination) (Completeness) | B40: 0.1 | C40: 4 | D40: =C40*B40 -> 0.4
A41: Does it answer why the specific device is behaving unusually or has a bad performance? (Completeness) | B41: 0.1 | C41: 4 | D41: =C41*B41 -> 0.4
A42: Does it provide actionable insights that support the decision making? (Completeness) | B42: 0.1 | C42: 4 | D42: =C42*B42 -> 0.4
A43: Is there a coherent argumentation and reasoning provided for the interpretation based on the information provided? (Context-Awareness) | B43: 0.25 | C43: 4 | D43: =C43*B43 -> 1
A44: Does it avoid irrelevant and excessive information and is concise? (Length) | B44: 0.1 | C44: 4 | D44: =C44*B44 -> 0.4
B45: =SUM(B38:B44) -> 1 | D45: =SUM(D38:D44) -> 4.1
A47: deepseek-v3.2 | P
A48: Metric | B48: Weight | C48: Score [1,5] | D48: Weighted Score
A49: Is the explanation technically correct and based on the information provided without distorting the diagnostic information? (Soundness) | B49: 0.25 | C49: 4 | D49: =C49*B49 -> 1
A50: Is the explanation readable, coherent and easy to understand for non-experts? (Fluency) | B50: 0.1 | C50: 5 | D50: =C50*B50 -> 0.5
A51: Is the available information used for the reasoning? (Performance/Feature Importance/Combination) (Completeness) | B51: 0.1 | C51: 4 | D51: =C51*B51 -> 0.4
A52: Does it answer why the specific device is behaving unusually or has a bad performance? (Completeness) | B52: 0.1 | C52: 4 | D52: =C52*B52 -> 0.4
A53: Does it provide actionable insights that support the decision making? (Completeness) | B53: 0.1 | C53: 4 | D53: =C53*B53 -> 0.4
A54: Is there a coherent argumentation and reasoning provided for the interpretation based on the information provided? (Context-Awareness) | B54: 0.25 | C54: 4 | D54: =C54*B54 -> 1
A55: Does it avoid irrelevant and excessive information and is concise? (Length) | B55: 0.1 | C55: 4 | D55: =C55*B55 -> 0.4
B56: =SUM(B49:B55) -> 1 | D56: =SUM(D49:D55) -> 4.1
A58: deepseek-v3.2 | FI + P
A59: Metric | B59: Weight | C59: Score [1,5] | D59: Weighted Score
A60: Is the explanation technically correct and based on the information provided without distorting the diagnostic information? (Soundness) | B60: 0.25 | C60: 4 | D60: =C60*B60 -> 1
A61: Is the explanation readable, coherent and easy to understand for non-experts? (Fluency) | B61: 0.1 | C61: 5 | D61: =C61*B61 -> 0.5
A62: Is the available information used for the reasoning? (Performance/Feature Importance/Combination) (Completeness) | B62: 0.1 | C62: 4 | D62: =C62*B62 -> 0.4
A63: Does it answer why the specific device is behaving unusually or has a bad performance? (Completeness) | B63: 0.1 | C63: 4 | D63: =C63*B63 -> 0.4
A64: Does it provide actionable insights that support the decision making? (Completeness) | B64: 0.1 | C64: 5 | D64: =C64*B64 -> 0.5
A65: Is there a coherent argumentation and reasoning provided for the interpretation based on the information provided? (Context-Awareness) | B65: 0.25 | C65: 4 | D65: =C65*B65 -> 1
A66: Does it avoid irrelevant and excessive information and is concise? (Length) | B66: 0.1 | C66: 4 | D66: =C66*B66 -> 0.4
B67: =SUM(B60:B66) -> 1 | D67: =SUM(D60:D66) -> 4.2
A69: kimi-k2.5 | FI
A70: Metric | B70: Weight | C70: Score [1,5] | D70: Weighted Score
A71: Is the explanation technically correct and based on the information provided without distorting the diagnostic information? (Soundness) | B71: 0.25 | C71: 3 | D71: =C71*B71 -> 0.75
A72: Is the explanation readable, coherent and easy to understand for non-experts? (Fluency) | B72: 0.1 | C72: 5 | D72: =C72*B72 -> 0.5
A73: Is the available information used for the reasoning? (Performance/Feature Importance/Combination) (Completeness) | B73: 0.1 | C73: 4 | D73: =C73*B73 -> 0.4
A74: Does it answer why the specific device is behaving unusually or has a bad performance? (Completeness) | B74: 0.1 | C74: 4 | D74: =C74*B74 -> 0.4
A75: Does it provide actionable insights that support the decision making? (Completeness) | B75: 0.1 | C75: 3 | D75: =C75*B75 -> 0.3
A76: Is there a coherent argumentation and reasoning provided for the interpretation based on the information provided? (Context-Awareness) | B76: 0.25 | C76: 4 | D76: =C76*B76 -> 1
A77: Does it avoid irrelevant and excessive information and is concise? (Length) | B77: 0.1 | C77: 4 | D77: =C77*B77 -> 0.4
B78: =SUM(B71:B77) -> 1 | D78: =SUM(D71:D77) -> 3.75
A80: kimi-k2.5 | P
A81: Metric | B81: Weight | C81: Score [1,5] | D81: Weighted Score
A82: Is the explanation technically correct and based on the information provided without distorting the diagnostic information? (Soundness) | B82: 0.25 | C82: 4 | D82: =C82*B82 -> 1
A83: Is the explanation readable, coherent and easy to understand for non-experts? (Fluency) | B83: 0.1 | C83: 5 | D83: =C83*B83 -> 0.5
A84: Is the available information used for the reasoning? (Performance/Feature Importance/Combination) (Completeness) | B84: 0.1 | C84: 4 | D84: =C84*B84 -> 0.4
A85: Does it answer why the specific device is behaving unusually or has a bad performance? (Completeness) | B85: 0.1 | C85: 5 | D85: =C85*B85 -> 0.5
A86: Does it provide actionable insights that support the decision making? (Completeness) | B86: 0.1 | C86: 4 | D86: =C86*B86 -> 0.4
A87: Is there a coherent argumentation and reasoning provided for the interpretation based on the information provided? (Context-Awareness) | B87: 0.25 | C87: 4 | D87: =C87*B87 -> 1
A88: Does it avoid irrelevant and excessive information and is concise? (Length) | B88: 0.1 | C88: 4 | D88: =C88*B88 -> 0.4
B89: =SUM(B82:B88) -> 1 | D89: =SUM(D82:D88) -> 4.2
A91: kimi-k2.5 | FI + P
A92: Metric | B92: Weight | C92: Score [1,5] | D92: Weighted Score
A93: Is the explanation technically correct and based on the information provided without distorting the diagnostic information? (Soundness) | B93: 0.25 | C93: 4 | D93: =C93*B93 -> 1
A94: Is the explanation readable, coherent and easy to understand for non-experts? (Fluency) | B94: 0.1 | C94: 5 | D94: =C94*B94 -> 0.5
A95: Is the available information used for the reasoning? (Performance/Feature Importance/Combination) (Completeness) | B95: 0.1 | C95: 4 | D95: =C95*B95 -> 0.4
A96: Does it answer why the specific device is behaving unusually or has a bad performance? (Completeness) | B96: 0.1 | C96: 4 | D96: =C96*B96 -> 0.4
A97: Does it provide actionable insights that support the decision making? (Completeness) | B97: 0.1 | C97: 5 | D97: =C97*B97 -> 0.5
A98: Is there a coherent argumentation and reasoning provided for the interpretation based on the information provided? (Context-Awareness) | B98: 0.25 | C98: 4 | D98: =C98*B98 -> 1
A99: Does it avoid irrelevant and excessive information and is concise? (Length) | B99: 0.1 | C99: 4 | D99: =C99*B99 -> 0.4
B100: =SUM(B93:B99) -> 1 | D100: =SUM(D93:D99) -> 4.2

Sheet d3235 #3
A1: Max Score: | B1: 5
F2: Weighted Score:
A3: gwen3.5 | FI | F3: =D12 -> 4.3
A4: Metric | B4: Weight | C4: Score [1,5] | D4: Weighted Score | F4: =D23 -> 4.1
A5: Is the explanation technically correct and based on the information provided without distorting the diagnostic information? (Soundness) | B5: 0.25 | C5: 4 | D5: =C5*B5 -> 1 | F5: =D34 -> 3.9
A6: Is the explanation readable, coherent and easy to understand for non-experts? (Fluency) | B6: 0.1 | C6: 5 | D6: =C6*B6 -> 0.5 | F6: =D45 -> 3.75
A7: Is the available information used for the reasoning? (Performance/Feature Importance/Combination) (Completeness) | B7: 0.1 | C7: 4 | D7: =C7*B7 -> 0.4 | F7: =D56 -> 4
A8: Does it answer why the specific device is behaving unusually or has a bad performance? (Completeness) | B8: 0.1 | C8: 5 | D8: =C8*B8 -> 0.5 | F8: =D67 -> 4.1
A9: Does it provide actionable insights that support the decision making? (Completeness) | B9: 0.1 | C9: 4 | D9: =C9*B9 -> 0.4 | F9: =D78 -> 4.45
A10: Is there a coherent argumentation and reasoning provided for the interpretation based on the information provided? (Context-Awareness) | B10: 0.25 | C10: 4 | D10: =C10*B10 -> 1 | F10: =D89 -> 4.45
A11: Does it avoid irrelevant and excessive information and is concise? (Length) | B11: 0.1 | C11: 5 | D11: =C11*B11 -> 0.5 | F11: =D100 -> 4.35
B12: =SUM(B5:B11) -> 1 | D12: =SUM(D5:D11) -> 4.3
A14: gwen3.5 | P
A15: Metric | B15: Weight | C15: Score [1,5] | D15: Weighted Score
A16: Is the explanation technically correct and based on the information provided without distorting the diagnostic information? (Soundness) | B16: 0.25 | C16: 4 | D16: =C16*B16 -> 1
A17: Is the explanation readable, coherent and easy to understand for non-experts? (Fluency) | B17: 0.1 | C17: 5 | D17: =C17*B17 -> 0.5
A18: Is the available information used for the reasoning? (Performance/Feature Importance/Combination) (Completeness) | B18: 0.1 | C18: 3 | D18: =C18*B18 -> 0.3
A19: Does it answer why the specific device is behaving unusually or has a bad performance? (Completeness) | B19: 0.1 | C19: 3 | D19: =C19*B19 -> 0.3
A20: Does it provide actionable insights that support the decision making? (Completeness) | B20: 0.1 | C20: 5 | D20: =C20*B20 -> 0.5
A21: Is there a coherent argumentation and reasoning provided for the interpretation based on the information provided? (Context-Awareness) | B21: 0.25 | C21: 4 | D21: =C21*B21 -> 1
A22: Does it avoid irrelevant and excessive information and is concise? (Length) | B22: 0.1 | C22: 5 | D22: =C22*B22 -> 0.5
B23: =SUM(B16:B22) -> 1 | D23: =SUM(D16:D22) -> 4.1
A25: gwen3.5 | FI + P
A26: Metric | B26: Weight | C26: Score [1,5] | D26: Weighted Score
A27: Is the explanation technically correct and based on the information provided without distorting the diagnostic information? (Soundness) | B27: 0.25 | C27: 4 | D27: =C27*B27 -> 1
A28: Is the explanation readable, coherent and easy to understand for non-experts? (Fluency) | B28: 0.1 | C28: 4 | D28: =C28*B28 -> 0.4
A29: Is the available information used for the reasoning? (Performance/Feature Importance/Combination) (Completeness) | B29: 0.1 | C29: 3 | D29: =C29*B29 -> 0.3
A30: Does it answer why the specific device is behaving unusually or has a bad performance? (Completeness) | B30: 0.1 | C30: 3 | D30: =C30*B30 -> 0.3
A31: Does it provide actionable insights that support the decision making? (Completeness) | B31: 0.1 | C31: 4 | D31: =C31*B31 -> 0.4
A32: Is there a coherent argumentation and reasoning provided for the interpretation based on the information provided? (Context-Awareness) | B32: 0.25 | C32: 4 | D32: =C32*B32 -> 1
A33: Does it avoid irrelevant and excessive information and is concise? (Length) | B33: 0.1 | C33: 5 | D33: =C33*B33 -> 0.5
B34: =SUM(B27:B33) -> 1 | D34: =SUM(D27:D33) -> 3.9
A36: deepseek-v3.2 | FI
A37: Metric | B37: Weight | C37: Score [1,5] | D37: Weighted Score
A38: Is the explanation technically correct and based on the information provided without distorting the diagnostic information? (Soundness) | B38: 0.25 | C38: 3 | D38: =C38*B38 -> 0.75
A39: Is the explanation readable, coherent and easy to understand for non-experts? (Fluency) | B39: 0.1 | C39: 5 | D39: =C39*B39 -> 0.5
A40: Is the available information used for the reasoning? (Performance/Feature Importance/Combination) (Completeness) | B40: 0.1 | C40: 4 | D40: =C40*B40 -> 0.4
A41: Does it answer why the specific device is behaving unusually or has a bad performance? (Completeness) | B41: 0.1 | C41: 3 | D41: =C41*B41 -> 0.3
A42: Does it provide actionable insights that support the decision making? (Completeness) | B42: 0.1 | C42: 4 | D42: =C42*B42 -> 0.4
A43: Is there a coherent argumentation and reasoning provided for the interpretation based on the information provided? (Context-Awareness) | B43: 0.25 | C43: 4 | D43: =C43*B43 -> 1
A44: Does it avoid irrelevant and excessive information and is concise? (Length) | B44: 0.1 | C44: 4 | D44: =C44*B44 -> 0.4
B45: =SUM(B38:B44) -> 1 | D45: =SUM(D38:D44) -> 3.75
A47: deepseek-v3.2 | P
A48: Metric | B48: Weight | C48: Score [1,5] | D48: Weighted Score
A49: Is the explanation technically correct and based on the information provided without distorting the diagnostic information? (Soundness) | B49: 0.25 | C49: 4 | D49: =C49*B49 -> 1
A50: Is the explanation readable, coherent and easy to understand for non-experts? (Fluency) | B50: 0.1 | C50: 5 | D50: =C50*B50 -> 0.5
A51: Is the available information used for the reasoning? (Performance/Feature Importance/Combination) (Completeness) | B51: 0.1 | C51: 3 | D51: =C51*B51 -> 0.3
A52: Does it answer why the specific device is behaving unusually or has a bad performance? (Completeness) | B52: 0.1 | C52: 4 | D52: =C52*B52 -> 0.4
A53: Does it provide actionable insights that support the decision making? (Completeness) | B53: 0.1 | C53: 4 | D53: =C53*B53 -> 0.4
A54: Is there a coherent argumentation and reasoning provided for the interpretation based on the information provided? (Context-Awareness) | B54: 0.25 | C54: 4 | D54: =C54*B54 -> 1
A55: Does it avoid irrelevant and excessive information and is concise? (Length) | B55: 0.1 | C55: 4 | D55: =C55*B55 -> 0.4
B56: =SUM(B49:B55) -> 1 | D56: =SUM(D49:D55) -> 4
A58: deepseek-v3.2 | FI + P
A59: Metric | B59: Weight | C59: Score [1,5] | D59: Weighted Score
A60: Is the explanation technically correct and based on the information provided without distorting the diagnostic information? (Soundness) | B60: 0.25 | C60: 4 | D60: =C60*B60 -> 1
A61: Is the explanation readable, coherent and easy to understand for non-experts? (Fluency) | B61: 0.1 | C61: 5 | D61: =C61*B61 -> 0.5
A62: Is the available information used for the reasoning? (Performance/Feature Importance/Combination) (Completeness) | B62: 0.1 | C62: 4 | D62: =C62*B62 -> 0.4
A63: Does it answer why the specific device is behaving unusually or has a bad performance? (Completeness) | B63: 0.1 | C63: 4 | D63: =C63*B63 -> 0.4
A64: Does it provide actionable insights that support the decision making? (Completeness) | B64: 0.1 | C64: 4 | D64: =C64*B64 -> 0.4
A65: Is there a coherent argumentation and reasoning provided for the interpretation based on the information provided? (Context-Awareness) | B65: 0.25 | C65: 4 | D65: =C65*B65 -> 1
A66: Does it avoid irrelevant and excessive information and is concise? (Length) | B66: 0.1 | C66: 4 | D66: =C66*B66 -> 0.4
B67: =SUM(B60:B66) -> 1 | D67: =SUM(D60:D66) -> 4.1
A69: kimi-k2.5 | FI
A70: Metric | B70: Weight | C70: Score [1,5] | D70: Weighted Score
A71: Is the explanation technically correct and based on the information provided without distorting the diagnostic information? (Soundness) | B71: 0.25 | C71: 4 | D71: =C71*B71 -> 1
A72: Is the explanation readable, coherent and easy to understand for non-experts? (Fluency) | B72: 0.1 | C72: 5 | D72: =C72*B72 -> 0.5
A73: Is the available information used for the reasoning? (Performance/Feature Importance/Combination) (Completeness) | B73: 0.1 | C73: 4 | D73: =C73*B73 -> 0.4
A74: Does it answer why the specific device is behaving unusually or has a bad performance? (Completeness) | B74: 0.1 | C74: 5 | D74: =C74*B74 -> 0.5
A75: Does it provide actionable insights that support the decision making? (Completeness) | B75: 0.1 | C75: 4 | D75: =C75*B75 -> 0.4
A76: Is there a coherent argumentation and reasoning provided for the interpretation based on the information provided? (Context-Awareness) | B76: 0.25 | C76: 5 | D76: =C76*B76 -> 1.25
A77: Does it avoid irrelevant and excessive information and is concise? (Length) | B77: 0.1 | C77: 4 | D77: =C77*B77 -> 0.4
B78: =SUM(B71:B77) -> 1 | D78: =SUM(D71:D77) -> 4.45
A80: kimi-k2.5 | P
A81: Metric | B81: Weight | C81: Score [1,5] | D81: Weighted Score
A82: Is the explanation technically correct and based on the information provided without distorting the diagnostic information? (Soundness) | B82: 0.25 | C82: 4 | D82: =C82*B82 -> 1
A83: Is the explanation readable, coherent and easy to understand for non-experts? (Fluency) | B83: 0.1 | C83: 5 | D83: =C83*B83 -> 0.5
A84: Is the available information used for the reasoning? (Performance/Feature Importance/Combination) (Completeness) | B84: 0.1 | C84: 5 | D84: =C84*B84 -> 0.5
A85: Does it answer why the specific device is behaving unusually or has a bad performance? (Completeness) | B85: 0.1 | C85: 4 | D85: =C85*B85 -> 0.4
A86: Does it provide actionable insights that support the decision making? (Completeness) | B86: 0.1 | C86: 4 | D86: =C86*B86 -> 0.4
A87: Is there a coherent argumentation and reasoning provided for the interpretation based on the information provided? (Context-Awareness) | B87: 0.25 | C87: 5 | D87: =C87*B87 -> 1.25
A88: Does it avoid irrelevant and excessive information and is concise? (Length) | B88: 0.1 | C88: 4 | D88: =C88*B88 -> 0.4
B89: =SUM(B82:B88) -> 1 | D89: =SUM(D82:D88) -> 4.45
A91: kimi-k2.5 | FI + P
A92: Metric | B92: Weight | C92: Score [1,5] | D92: Weighted Score
A93: Is the explanation technically correct and based on the information provided without distorting the diagnostic information? (Soundness) | B93: 0.25 | C93: 4 | D93: =C93*B93 -> 1
A94: Is the explanation readable, coherent and easy to understand for non-experts? (Fluency) | B94: 0.1 | C94: 5 | D94: =C94*B94 -> 0.5
A95: Is the available information used for the reasoning? (Performance/Feature Importance/Combination) (Completeness) | B95: 0.1 | C95: 4 | D95: =C95*B95 -> 0.4
A96: Does it answer why the specific device is behaving unusually or has a bad performance? (Completeness) | B96: 0.1 | C96: 4 | D96: =C96*B96 -> 0.4
A97: Does it provide actionable insights that support the decision making? (Completeness) | B97: 0.1 | C97: 4 | D97: =C97*B97 -> 0.4
A98: Is there a coherent argumentation and reasoning provided for the interpretation based on the information provided? (Context-Awareness) | B98: 0.25 | C98: 5 | D98: =C98*B98 -> 1.25
A99: Does it avoid irrelevant and excessive information and is concise? (Length) | B99: 0.1 | C99: 4 | D99: =C99*B99 -> 0.4
B100: =SUM(B93:B99) -> 1 | D100: =SUM(D93:D99) -> 4.35

Sheet d131 #4
A1: Max Score: | B1: 5
F2: Weighted Score:
A3: gwen3.5 | FI | F3: =D12 -> 2.85
A4: Metric | B4: Weight | C4: Score [1,5] | D4: Weighted Score | F4: =D23 -> 3.5
A5: Is the explanation technically correct and based on the information provided without distorting the diagnostic information? (Soundness) | B5: 0.25 | C5: 2 | D5: =C5*B5 -> 0.5 | F5: =D34 -> 3.3
A6: Is the explanation readable, coherent and easy to understand for non-experts? (Fluency) | B6: 0.1 | C6: 5 | D6: =C6*B6 -> 0.5 | F6: =D45 -> 3.6
A7: Is the available information used for the reasoning? (Performance/Feature Importance/Combination) (Completeness) | B7: 0.1 | C7: 2 | D7: =C7*B7 -> 0.2 | F7: =D56 -> 4.2
A8: Does it answer why the specific device is behaving unusually or has a bad performance? (Completeness) | B8: 0.1 | C8: 2 | D8: =C8*B8 -> 0.2 | F8: =D67 -> 4.4
A9: Does it provide actionable insights that support the decision making? (Completeness) | B9: 0.1 | C9: 3 | D9: =C9*B9 -> 0.3
A10: Is there a coherent argumentation and reasoning provided for the interpretation based on the information provided? (Context-Awareness) | B10: 0.25 | C10: 3 | D10: =C10*B10 -> 0.75
A11: Does it avoid irrelevant and excessive information and is concise? (Length) | B11: 0.1 | C11: 4 | D11: =C11*B11 -> 0.4
B12: =SUM(B5:B11) -> 1 | D12: =SUM(D5:D11) -> 2.85
A14: gwen3.5 | P
A15: Metric | B15: Weight | C15: Score [1,5] | D15: Weighted Score
A16: Is the explanation technically correct and based on the information provided without distorting the diagnostic information? (Soundness) | B16: 0.25 | C16: 3 | D16: =C16*B16 -> 0.75
A17: Is the explanation readable, coherent and easy to understand for non-experts? (Fluency) | B17: 0.1 | C17: 5 | D17: =C17*B17 -> 0.5
A18: Is the available information used for the reasoning? (Performance/Feature Importance/Combination) (Completeness) | B18: 0.1 | C18: 4 | D18: =C18*B18 -> 0.4
A19: Does it answer why the specific device is behaving unusually or has a bad performance? (Completeness) | B19: 0.1 | C19: 4 | D19: =C19*B19 -> 0.4
A20: Does it provide actionable insights that support the decision making? (Completeness) | B20: 0.1 | C20: 3 | D20: =C20*B20 -> 0.3
A21: Is there a coherent argumentation and reasoning provided for the interpretation based on the information provided? (Context-Awareness) | B21: 0.25 | C21: 3 | D21: =C21*B21 -> 0.75
A22: Does it avoid irrelevant and excessive information and is concise? (Length) | B22: 0.1 | C22: 4 | D22: =C22*B22 -> 0.4
B23: =SUM(B16:B22) -> 1 | D23: =SUM(D16:D22) -> 3.5
A25: gwen3.5 | FI + P
A26: Metric | B26: Weight | C26: Score [1,5] | D26: Weighted Score
A27: Is the explanation technically correct and based on the information provided without distorting the diagnostic information? (Soundness) | B27: 0.25 | C27: 3 | D27: =C27*B27 -> 0.75
A28: Is the explanation readable, coherent and easy to understand for non-experts? (Fluency) | B28: 0.1 | C28: 4 | D28: =C28*B28 -> 0.4
A29: Is the available information used for the reasoning? (Performance/Feature Importance/Combination) (Completeness) | B29: 0.1 | C29: 3 | D29: =C29*B29 -> 0.3
A30: Does it answer why the specific device is behaving unusually or has a bad performance? (Completeness) | B30: 0.1 | C30: 4 | D30: =C30*B30 -> 0.4
A31: Does it provide actionable insights that support the decision making? (Completeness) | B31: 0.1 | C31: 3 | D31: =C31*B31 -> 0.3
A32: Is there a coherent argumentation and reasoning provided for the interpretation based on the information provided? (Context-Awareness) | B32: 0.25 | C32: 3 | D32: =C32*B32 -> 0.75
A33: Does it avoid irrelevant and excessive information and is concise? (Length) | B33: 0.1 | C33: 4 | D33: =C33*B33 -> 0.4
B34: =SUM(B27:B33) -> 1 | D34: =SUM(D27:D33) -> 3.3
A36: kimi-k2.5 | FI
A37: Metric | B37: Weight | C37: Score [1,5] | D37: Weighted Score
A38: Is the explanation technically correct and based on the information provided without distorting the diagnostic information? (Soundness) | B38: 0.25 | C38: 3 | D38: =C38*B38 -> 0.75
A39: Is the explanation readable, coherent and easy to understand for non-experts? (Fluency) | B39: 0.1 | C39: 5 | D39: =C39*B39 -> 0.5
A40: Is the available information used for the reasoning? (Performance/Feature Importance/Combination) (Completeness) | B40: 0.1 | C40: 4 | D40: =C40*B40 -> 0.4
A41: Does it answer why the specific device is behaving unusually or has a bad performance? (Completeness) | B41: 0.1 | C41: 4 | D41: =C41*B41 -> 0.4
A42: Does it provide actionable insights that support the decision making? (Completeness) | B42: 0.1 | C42: 4 | D42: =C42*B42 -> 0.4
A43: Is there a coherent argumentation and reasoning provided for the interpretation based on the information provided? (Context-Awareness) | B43: 0.25 | C43: 3 | D43: =C43*B43 -> 0.75
A44: Does it avoid irrelevant and excessive information and is concise? (Length) | B44: 0.1 | C44: 4 | D44: =C44*B44 -> 0.4
B45: =SUM(B38:B44) -> 1 | D45: =SUM(D38:D44) -> 3.6
A47: kimi-k2.5 | P
A48: Metric | B48: Weight | C48: Score [1,5] | D48: Weighted Score
A49: Is the explanation technically correct and based on the information provided without distorting the diagnostic information? (Soundness) | B49: 0.25 | C49: 4 | D49: =C49*B49 -> 1
A50: Is the explanation readable, coherent and easy to understand for non-experts? (Fluency) | B50: 0.1 | C50: 5 | D50: =C50*B50 -> 0.5
A51: Is the available information used for the reasoning? (Performance/Feature Importance/Combination) (Completeness) | B51: 0.1 | C51: 4 | D51: =C51*B51 -> 0.4
A52: Does it answer why the specific device is behaving unusually or has a bad performance? (Completeness) | B52: 0.1 | C52: 4 | D52: =C52*B52 -> 0.4
A53: Does it provide actionable insights that support the decision making? (Completeness) | B53: 0.1 | C53: 5 | D53: =C53*B53 -> 0.5
A54: Is there a coherent argumentation and reasoning provided for the interpretation based on the information provided? (Context-Awareness) | B54: 0.25 | C54: 4 | D54: =C54*B54 -> 1
A55: Does it avoid irrelevant and excessive information and is concise? (Length) | B55: 0.1 | C55: 4 | D55: =C55*B55 -> 0.4
B56: =SUM(B49:B55) -> 1 | D56: =SUM(D49:D55) -> 4.2
A58: kimi-k2.5 | FI + P
A59: Metric | B59: Weight | C59: Score [1,5] | D59: Weighted Score
A60: Is the explanation technically correct and based on the information provided without distorting the diagnostic information? (Soundness) | B60: 0.25 | C60: 4 | D60: =C60*B60 -> 1
A61: Is the explanation readable, coherent and easy to understand for non-experts? (Fluency) | B61: 0.1 | C61: 5 | D61: =C61*B61 -> 0.5
A62: Is the available information used for the reasoning? (Performance/Feature Importance/Combination) (Completeness) | B62: 0.1 | C62: 5 | D62: =C62*B62 -> 0.5
A63: Does it answer why the specific device is behaving unusually or has a bad performance? (Completeness) | B63: 0.1 | C63: 5 | D63: =C63*B63 -> 0.5
A64: Does it provide actionable insights that support the decision making? (Completeness) | B64: 0.1 | C64: 5 | D64: =C64*B64 -> 0.5
A65: Is there a coherent argumentation and reasoning provided for the interpretation based on the information provided? (Context-Awareness) | B65: 0.25 | C65: 4 | D65: =C65*B65 -> 1
A66: Does it avoid irrelevant and excessive information and is concise? (Length) | B66: 0.1 | C66: 4 | D66: =C66*B66 -> 0.4
B67: =SUM(B60:B66) -> 1 | D67: =SUM(D60:D66) -> 4.4

Sheet d393 #4
A1: Max Score: | B1: 5
F2: Weighted Score:
A3: gwen3.5 | FI | F3: =D12 -> 3.3
A4: Metric | B4: Weight | C4: Score [1,5] | D4: Weighted Score | F4: =D23 -> 4.3
A5: Is the explanation technically correct and based on the information provided without distorting the diagnostic information? (Soundness) | B5: 0.25 | C5: 3 | D5: =C5*B5 -> 0.75 | F5: =D34 -> 3.2
A6: Is the explanation readable, coherent and easy to understand for non-experts? (Fluency) | B6: 0.1 | C6: 5 | D6: =C6*B6 -> 0.5 | F6: =D45 -> 4
A7: Is the available information used for the reasoning? (Performance/Feature Importance/Combination) (Completeness) | B7: 0.1 | C7: 3 | D7: =C7*B7 -> 0.3 | F7: =D56 -> 4.2
A8: Does it answer why the specific device is behaving unusually or has a bad performance? (Completeness) | B8: 0.1 | C8: 3 | D8: =C8*B8 -> 0.3 | F8: =D67 -> 4.2
A9: Does it provide actionable insights that support the decision making? (Completeness) | B9: 0.1 | C9: 3 | D9: =C9*B9 -> 0.3
A10: Is there a coherent argumentation and reasoning provided for the interpretation based on the information provided? (Context-Awareness) | B10: 0.25 | C10: 3 | D10: =C10*B10 -> 0.75
A11: Does it avoid irrelevant and excessive information and is concise? (Length) | B11: 0.1 | C11: 4 | D11: =C11*B11 -> 0.4
B12: =SUM(B5:B11) -> 1 | D12: =SUM(D5:D11) -> 3.3
A14: gwen3.5 | P
A15: Metric | B15: Weight | C15: Score [1,5] | D15: Weighted Score
A16: Is the explanation technically correct and based on the information provided without distorting the diagnostic information? (Soundness) | B16: 0.25 | C16: 4 | D16: =C16*B16 -> 1
A17: Is the explanation readable, coherent and easy to understand for non-experts? (Fluency) | B17: 0.1 | C17: 5 | D17: =C17*B17 -> 0.5
A18: Is the available information used for the reasoning? (Performance/Feature Importance/Combination) (Completeness) | B18: 0.1 | C18: 4 | D18: =C18*B18 -> 0.4
A19: Does it answer why the specific device is behaving unusually or has a bad performance? (Completeness) | B19: 0.1 | C19: 5 | D19: =C19*B19 -> 0.5
A20: Does it provide actionable insights that support the decision making? (Completeness) | B20: 0.1 | C20: 4 | D20: =C20*B20 -> 0.4
A21: Is there a coherent argumentation and reasoning provided for the interpretation based on the information provided? (Context-Awareness) | B21: 0.25 | C21: 4 | D21: =C21*B21 -> 1
A22: Does it avoid irrelevant and excessive information and is concise? (Length) | B22: 0.1 | C22: 5 | D22: =C22*B22 -> 0.5
B23: =SUM(B16:B22) -> 1 | D23: =SUM(D16:D22) -> 4.3
A25: gwen3.5 | FI + P
A26: Metric | B26: Weight | C26: Score [1,5] | D26: Weighted Score
A27: Is the explanation technically correct and based on the information provided without distorting the diagnostic information? (Soundness) | B27: 0.25 | C27: 3 | D27: =C27*B27 -> 0.75
A28: Is the explanation readable, coherent and easy to understand for non-experts? (Fluency) | B28: 0.1 | C28: 5 | D28: =C28*B28 -> 0.5
A29: Is the available information used for the reasoning? (Performance/Feature Importance/Combination) (Completeness) | B29: 0.1 | C29: 2 | D29: =C29*B29 -> 0.2
A30: Does it answer why the specific device is behaving unusually or has a bad performance? (Completeness) | B30: 0.1 | C30: 2 | D30: =C30*B30 -> 0.2
A31: Does it provide actionable insights that support the decision making? (Completeness) | B31: 0.1 | C31: 3 | D31: =C31*B31 -> 0.3
A32: Is there a coherent argumentation and reasoning provided for the interpretation based on the information provided? (Context-Awareness) | B32: 0.25 | C32: 3 | D32: =C32*B32 -> 0.75
A33: Does it avoid irrelevant and excessive information and is concise? (Length) | B33: 0.1 | C33: 5 | D33: =C33*B33 -> 0.5
B34: =SUM(B27:B33) -> 1 | D34: =SUM(D27:D33) -> 3.2
A36: kimi-k2.5 | FI
A37: Metric | B37: Weight | C37: Score [1,5] | D37: Weighted Score
A38: Is the explanation technically correct and based on the information provided without distorting the diagnostic information? (Soundness) | B38: 0.25 | C38: 4 | D38: =C38*B38 -> 1
A39: Is the explanation readable, coherent and easy to understand for non-experts? (Fluency) | B39: 0.1 | C39: 5 | D39: =C39*B39 -> 0.5
A40: Is the available information used for the reasoning? (Performance/Feature Importance/Combination) (Completeness) | B40: 0.1 | C40: 4 | D40: =C40*B40 -> 0.4
A41: Does it answer why the specific device is behaving unusually or has a bad performance? (Completeness) | B41: 0.1 | C41: 4 | D41: =C41*B41 -> 0.4
A42: Does it provide actionable insights that support the decision making? (Completeness) | B42: 0.1 | C42: 3 | D42: =C42*B42 -> 0.3
A43: Is there a coherent argumentation and reasoning provided for the interpretation based on the information provided? (Context-Awareness) | B43: 0.25 | C43: 4 | D43: =C43*B43 -> 1
A44: Does it avoid irrelevant and excessive information and is concise? (Length) | B44: 0.1 | C44: 4 | D44: =C44*B44 -> 0.4
B45: =SUM(B38:B44) -> 1 | D45: =SUM(D38:D44) -> 4
A47: kimi-k2.5 | P
A48: Metric | B48: Weight | C48: Score [1,5] | D48: Weighted Score
A49: Is the explanation technically correct and based on the information provided without distorting the diagnostic information? (Soundness) | B49: 0.25 | C49: 4 | D49: =C49*B49 -> 1
A50: Is the explanation readable, coherent and easy to understand for non-experts? (Fluency) | B50: 0.1 | C50: 5 | D50: =C50*B50 -> 0.5
A51: Is the available information used for the reasoning? (Performance/Feature Importance/Combination) (Completeness) | B51: 0.1 | C51: 4 | D51: =C51*B51 -> 0.4
A52: Does it answer why the specific device is behaving unusually or has a bad performance? (Completeness) | B52: 0.1 | C52: 4 | D52: =C52*B52 -> 0.4
A53: Does it provide actionable insights that support the decision making? (Completeness) | B53: 0.1 | C53: 5 | D53: =C53*B53 -> 0.5
A54: Is there a coherent argumentation and reasoning provided for the interpretation based on the information provided? (Context-Awareness) | B54: 0.25 | C54: 4 | D54: =C54*B54 -> 1
A55: Does it avoid irrelevant and excessive information and is concise? (Length) | B55: 0.1 | C55: 4 | D55: =C55*B55 -> 0.4
B56: =SUM(B49:B55) -> 1 | D56: =SUM(D49:D55) -> 4.2
A58: kimi-k2.5 | FI + P
A59: Metric | B59: Weight | C59: Score [1,5] | D59: Weighted Score
A60: Is the explanation technically correct and based on the information provided without distorting the diagnostic information? (Soundness) | B60: 0.25 | C60: 4 | D60: =C60*B60 -> 1
A61: Is the explanation readable, coherent and easy to understand for non-experts? (Fluency) | B61: 0.1 | C61: 5 | D61: =C61*B61 -> 0.5
A62: Is the available information used for the reasoning? (Performance/Feature Importance/Combination) (Completeness) | B62: 0.1 | C62: 4 | D62: =C62*B62 -> 0.4
A63: Does it answer why the specific device is behaving unusually or has a bad performance? (Completeness) | B63: 0.1 | C63: 5 | D63: =C63*B63 -> 0.5
A64: Does it provide actionable insights that support the decision making? (Completeness) | B64: 0.1 | C64: 4 | D64: =C64*B64 -> 0.4
A65: Is there a coherent argumentation and reasoning provided for the interpretation based on the information provided? (Context-Awareness) | B65: 0.25 | C65: 4 | D65: =C65*B65 -> 1
A66: Does it avoid irrelevant and excessive information and is concise? (Length) | B66: 0.1 | C66: 4 | D66: =C66*B66 -> 0.4
B67: =SUM(B60:B66) -> 1 | D67: =SUM(D60:D66) -> 4.2

Sheet d1456 #4
A1: Max Score: | B1: 5
F2: Weighted Score:
A3: gwen3.5 | FI | F3: =D12 -> 3.4
A4: Metric | B4: Weight | C4: Score [1,5] | D4: Weighted Score | F4: =D23 -> 4
A5: Is the explanation technically correct and based on the information provided without distorting the diagnostic information? (Soundness) | B5: 0.25 | C5: 3 | D5: =C5*B5 -> 0.75 | F5: =D34 -> 4.2
A6: Is the explanation readable, coherent and easy to understand for non-experts? (Fluency) | B6: 0.1 | C6: 5 | D6: =C6*B6 -> 0.5 | F6: =D45 -> 4.1
A7: Is the available information used for the reasoning? (Performance/Feature Importance/Combination) (Completeness) | B7: 0.1 | C7: 3 | D7: =C7*B7 -> 0.3 | F7: =D56 -> 4.45
A8: Does it answer why the specific device is behaving unusually or has a bad performance? (Completeness) | B8: 0.1 | C8: 3 | D8: =C8*B8 -> 0.3 | F8: =D67 -> 4.4
A9: Does it provide actionable insights that support the decision making? (Completeness) | B9: 0.1 | C9: 4 | D9: =C9*B9 -> 0.4
A10: Is there a coherent argumentation and reasoning provided for the interpretation based on the information provided? (Context-Awareness) | B10: 0.25 | C10: 3 | D10: =C10*B10 -> 0.75
A11: Does it avoid irrelevant and excessive information and is concise? (Length) | B11: 0.1 | C11: 4 | D11: =C11*B11 -> 0.4
B12: =SUM(B5:B11) -> 1 | D12: =SUM(D5:D11) -> 3.4
A14: gwen3.5 | P
A15: Metric | B15: Weight | C15: Score [1,5] | D15: Weighted Score
A16: Is the explanation technically correct and based on the information provided without distorting the diagnostic information? (Soundness) | B16: 0.25 | C16: 4 | D16: =C16*B16 -> 1
A17: Is the explanation readable, coherent and easy to understand for non-experts? (Fluency) | B17: 0.1 | C17: 5 | D17: =C17*B17 -> 0.5
A18: Is the available information used for the reasoning? (Performance/Feature Importance/Combination) (Completeness) | B18: 0.1 | C18: 3 | D18: =C18*B18 -> 0.3
A19: Does it answer why the specific device is behaving unusually or has a bad performance? (Completeness) | B19: 0.1 | C19: 4 | D19: =C19*B19 -> 0.4
A20: Does it provide actionable insights that support the decision making? (Completeness) | B20: 0.1 | C20: 3 | D20: =C20*B20 -> 0.3
A21: Is there a coherent argumentation and reasoning provided for the interpretation based on the information provided? (Context-Awareness) | B21: 0.25 | C21: 4 | D21: =C21*B21 -> 1
A22: Does it avoid irrelevant and excessive information and is concise? (Length) | B22: 0.1 | C22: 5 | D22: =C22*B22 -> 0.5
B23: =SUM(B16:B22) -> 1 | D23: =SUM(D16:D22) -> 4
A25: gwen3.5 | FI + P
A26: Metric | B26: Weight | C26: Score [1,5] | D26: Weighted Score
A27: Is the explanation technically correct and based on the information provided without distorting the diagnostic information? (Soundness) | B27: 0.25 | C27: 4 | D27: =C27*B27 -> 1
A28: Is the explanation readable, coherent and easy to understand for non-experts? (Fluency) | B28: 0.1 | C28: 5 | D28: =C28*B28 -> 0.5
A29: Is the available information used for the reasoning? (Performance/Feature Importance/Combination) (Completeness) | B29: 0.1 | C29: 4 | D29: =C29*B29 -> 0.4
A30: Does it answer why the specific device is behaving unusually or has a bad performance? (Completeness) | B30: 0.1 | C30: 4 | D30: =C30*B30 -> 0.4
A31: Does it provide actionable insights that support the decision making? (Completeness) | B31: 0.1 | C31: 4 | D31: =C31*B31 -> 0.4
A32: Is there a coherent argumentation and reasoning provided for the interpretation based on the information provided? (Context-Awareness) | B32: 0.25 | C32: 4 | D32: =C32*B32 -> 1
A33: Does it avoid irrelevant and excessive information and is concise? (Length) | B33: 0.1 | C33: 5 | D33: =C33*B33 -> 0.5
B34: =SUM(B27:B33) -> 1 | D34: =SUM(D27:D33) -> 4.2
A36: kimi-k2.5 | FI
A37: Metric | B37: Weight | C37: Score [1,5] | D37: Weighted Score
A38: Is the explanation technically correct and based on the information provided without distorting the diagnostic information? (Soundness) | B38: 0.25 | C38: 4 | D38: =C38*B38 -> 1
A39: Is the explanation readable, coherent and easy to understand for non-experts? (Fluency) | B39: 0.1 | C39: 5 | D39: =C39*B39 -> 0.5
A40: Is the available information used for the reasoning? (Performance/Feature Importance/Combination) (Completeness) | B40: 0.1 | C40: 4 | D40: =C40*B40 -> 0.4
A41: Does it answer why the specific device is behaving unusually or has a bad performance? (Completeness) | B41: 0.1 | C41: 4 | D41: =C41*B41 -> 0.4
A42: Does it provide actionable insights that support the decision making? (Completeness) | B42: 0.1 | C42: 4 | D42: =C42*B42 -> 0.4
A43: Is there a coherent argumentation and reasoning provided for the interpretation based on the information provided? (Context-Awareness) | B43: 0.25 | C43: 4 | D43: =C43*B43 -> 1
A44: Does it avoid irrelevant and excessive information and is concise? (Length) | B44: 0.1 | C44: 4 | D44: =C44*B44 -> 0.4
B45: =SUM(B38:B44) -> 1 | D45: =SUM(D38:D44) -> 4.1
A47: kimi-k2.5 | P
A48: Metric | B48: Weight | C48: Score [1,5] | D48: Weighted Score
A49: Is the explanation technically correct and based on the information provided without distorting the diagnostic information? (Soundness) | B49: 0.25 | C49: 4 | D49: =C49*B49 -> 1
A50: Is the explanation readable, coherent and easy to understand for non-experts? (Fluency) | B50: 0.1 | C50: 5 | D50: =C50*B50 -> 0.5
A51: Is the available information used for the reasoning? (Performance/Feature Importance/Combination) (Completeness) | B51: 0.1 | C51: 4 | D51: =C51*B51 -> 0.4
A52: Does it answer why the specific device is behaving unusually or has a bad performance? (Completeness) | B52: 0.1 | C52: 4 | D52: =C52*B52 -> 0.4
A53: Does it provide actionable insights that support the decision making? (Completeness) | B53: 0.1 | C53: 5 | D53: =C53*B53 -> 0.5
A54: Is there a coherent argumentation and reasoning provided for the interpretation based on the information provided? (Context-Awareness) | B54: 0.25 | C54: 5 | D54: =C54*B54 -> 1.25
A55: Does it avoid irrelevant and excessive information and is concise? (Length) | B55: 0.1 | C55: 4 | D55: =C55*B55 -> 0.4
B56: =SUM(B49:B55) -> 1 | D56: =SUM(D49:D55) -> 4.45
A58: kimi-k2.5 | FI + P
A59: Metric | B59: Weight | C59: Score [1,5] | D59: Weighted Score
A60: Is the explanation technically correct and based on the information provided without distorting the diagnostic information? (Soundness) | B60: 0.25 | C60: 4 | D60: =C60*B60 -> 1
A61: Is the explanation readable, coherent and easy to understand for non-experts? (Fluency) | B61: 0.1 | C61: 5 | D61: =C61*B61 -> 0.5
A62: Is the available information used for the reasoning? (Performance/Feature Importance/Combination) (Completeness) | B62: 0.1 | C62: 5 | D62: =C62*B62 -> 0.5
A63: Does it answer why the specific device is behaving unusually or has a bad performance? (Completeness) | B63: 0.1 | C63: 5 | D63: =C63*B63 -> 0.5
A64: Does it provide actionable insights that support the decision making? (Completeness) | B64: 0.1 | C64: 5 | D64: =C64*B64 -> 0.5
A65: Is there a coherent argumentation and reasoning provided for the interpretation based on the information provided? (Context-Awareness) | B65: 0.25 | C65: 4 | D65: =C65*B65 -> 1
A66: Does it avoid irrelevant and excessive information and is concise? (Length) | B66: 0.1 | C66: 4 | D66: =C66*B66 -> 0.4
B67: =SUM(B60:B66) -> 1 | D67: =SUM(D60:D66) -> 4.4
