Workbook

Sheet Evaluation Table
D1: Experiment 1 (mainly num) | F1: Experiment 2 (mainly text) | J1: Experiment 3 (mainly text + other models) | N1: Experiment 4 (mainly visual) | R1: Experiment 5 (Combination) | V1: Experiment 6 (Combinaiton)
D2: d88 | E2: d131 | F2: d88 | G2: d131 | H2: d1383 | I2: d1456 | J2: d88 | K2: d131 | L2: d1383 | M2: d1456 | N2: d88 | O2: d131 | P2: d1383 | Q2: d1456 | R2: d88 | S2: d131 | T2: d1383 | U2: d1456 | V2: d88 | W2: d131 | X2: d1383 | Y2: d1456
A3: qwen3.5 | B3: WS | C3: FI | D3: ='d88 #1'!D14 -> 2.7 | E3: ='d131 #1'!D14 -> 2.5
C4: P | D4: ='d88 #1'!D27 -> 2.9 | E4: ='d131 #1'!D27 -> 2.75
C5: FI + P | D5: ='d88 #1'!D40 -> 2.9 | E5: ='d131 #1'!D40 -> 2.55
B6: AM | C6: FI
C7: P
C8: FI + P
B9: SA | C9: FI
C10: P
C11: FI + P
A12: deepseek-v3.2 | B12: WS | C12: FI | D12: ='d88 #1'!D53 -> 3.25 | E12: ='d131 #1'!D53 -> 3.25
C13: P | D13: ='d88 #1'!D66 -> 3 | E13: ='d131 #1'!D66 -> 3.15
C14: FI + P | D14: ='d88 #1'!D79 -> 3.1 | E14: ='d131 #1'!D79 -> 3.3
B15: AM | C15: FI
C16: P
C17: FI + P
B18: SA | C18: FI
C19: P
C20: FI + P
A21: kimi-k2.5 | B21: WS | C21: FI | D21: ='d88 #1'!D92 -> 3.1 | E21: ='d131 #1'!D92 -> 3
C22: P | D22: ='d88 #1'!D105 -> 3.1 | E22: ='d131 #1'!D105 -> 3.1
C23: FI + P | D23: ='d88 #1'!D118 -> 3.05 | E23: ='d131 #1'!D118 -> 3.1
B24: AM | C24: FI
C25: P
C26: FI + P
B27: SA | C27: FI
C28: P
C29: FI + P
A31: gwen3.5
A32: deepseek-v3.2
A33: kimi-k2.5
A35: FI
A36: P
A37: FI + P

Sheet d88 #1
A1: Max Score: | B1: =B5*5 + B6*5 +B7*5+B8*5+B9*5+B10*5+B11*5+B12*5+B13*5 -> 5
F2: Input Structure: | G2: Schema:
A3: gwen3.5 | FI | G3: {
A4: Metric | B4: Weight | C4: Score [1,5] | D4: Weighted Score | G4: "Device Information": {
A5: Does it answer the question of why this is an anomaly or performs bad? | B5: 0.15 | C5: 3 | D5: =C5*B5 -> 0.45 | G5: "tags": {
A6: Is all the available information used for the reasoning? (Performance/Feature Importance) | B6: 0.1 | C6: 2 | D6: =C6*B6 -> 0.2 | G6: "name": "ASHGABAT",
A7: Is there a coherent argumentation and reasoning provided for the interpretation? | B7: 0.1 | C7: 3 | D7: =C7*B7 -> 0.3 | G7: "state": "Not applicable",
A8: Is there a correct interpretation of relationships? | B8: 0.15 | C8: 2 | D8: =C8*B8 -> 0.3 | G8: "tz": "UTC+5",
A9: Is external or domain knowledge integrated into reasoning? | B9: 0.15 | C9: 2 | D9: =C9*B9 -> 0.3 | G9: "city": "Ashgabat",
A10: Does it provide a clear and concise explanation? (writing style) | B10: 0.05 | C10: 4 | D10: =C10*B10 -> 0.2 | G10: "urbanization": "unknown",
A11: Does it avoid irrelevant or excessive information? (information provided) | B11: 0.05 | C11: 4 | D11: =C11*B11 -> 0.2 | G11: "country": "Turkmenistan",
A12: Is it clear and easy to understand for non-experts? | B12: 0.1 | C12: 3 | D12: =C12*B12 -> 0.3 | G12: "station_id": "TXI0000UTAA",
A13: Does it help the decision-making and provide actionability? | B13: 0.15 | C13: 3 | D13: =C13*B13 -> 0.45
B14: =SUM(B5:B13) -> 1 | D14: =SUM(D5:D13) -> 2.7 | G14: "terrain": "hill"
G15: }
A16: gwen3.5 | P | G16: },
A17: Metric | B17: Weight | C17: Score [1,5] | D17: Weighted Score | G17: "Active Model Context": {
A18: Does it answer the question of why this is an anomaly or performs bad? | B18: 0.15 | C18: 3 | D18: =C18*B18 -> 0.45 | G18: "version": 16,
A19: Is all the available information used for the reasoning? (Performance/Feature Importance) | B19: 0.1 | C19: 3 | D19: =C19*B19 -> 0.3 | G19: "is_valid": 1,
A20: Is there a coherent argumentation and reasoning provided for the interpretation? | B20: 0.1 | C20: 3 | D20: =C20*B20 -> 0.3 | G20: "is_compatible": 1,
A21: Is there a correct interpretation of relationships? | B21: 0.15 | C21: 2 | D21: =C21*B21 -> 0.3 | G21: "model_age_days": 221,
A22: Is external or domain knowledge integrated into reasoning? | B22: 0.15 | C22: 2 | D22: =C22*B22 -> 0.3 | G22: "training_recency_bucket": "recent"
A23: Does it provide a clear and concise explanation? (writing style) | B23: 0.05 | C23: 4 | D23: =C23*B23 -> 0.2 | G23: },
A24: Does it avoid irrelevant or excessive information? (information provided) | B24: 0.05 | C24: 4 | D24: =C24*B24 -> 0.2 | G24: "Model Performance Context": {
A25: Is it clear and easy to understand for non-experts? | B25: 0.1 | C25: 4 | D25: =C25*B25 -> 0.4 | G25: "average metrics": {
A26: Does it help the decision-making and provide actionability? | B26: 0.15 | C26: 3 | D26: =C26*B26 -> 0.45 | G26: "MAE": 9.151254452191866,
B27: =SUM(B18:B26) -> 1 | D27: =SUM(D18:D26) -> 2.9 | G27: "RMSE": 0.35316544647018117,
G28: "MAPE": 9.989967272831844
A29: gwen3.5 | FI + P | G29: },
A30: Metric | B30: Weight | C30: Score [1,5] | D30: Weighted Score | G30: "overall_error_score": 7.133781451477988,
A31: Does it answer the question of why this is an anomaly or performs bad? | B31: 0.15 | C31: 3 | D31: =C31*B31 -> 0.45 | G31: "trend": "degrading",
A32: Is all the available information used for the reasoning? (Performance/Feature Importance) | B32: 0.1 | C32: 2 | D32: =C32*B32 -> 0.2 | G32: "worst_performance_error_score": 3.06753407135631,
A33: Is there a coherent argumentation and reasoning provided for the interpretation? | B33: 0.1 | C33: 3 | D33: =C33*B33 -> 0.3 | G33: "worst_time_stamp": "2025-01-30 11:11:29"
A34: Is there a correct interpretation of relationships? | B34: 0.15 | C34: 3 | D34: =C34*B34 -> 0.45 | G34: },
A35: Is external or domain knowledge integrated into reasoning? | B35: 0.15 | C35: 2 | D35: =C35*B35 -> 0.3 | G35: "Model Version History": {
A36: Does it provide a clear and concise explanation? (writing style) | B36: 0.05 | C36: 4 | D36: =C36*B36 -> 0.2 | G36: "versions_available": 15,
A37: Does it avoid irrelevant or excessive information? (information provided) | B37: 0.05 | C37: 3 | D37: =C37*B37 -> 0.15 | G37: "average_performance": {
A38: Is it clear and easy to understand for non-experts? | B38: 0.1 | C38: 4 | D38: =C38*B38 -> 0.4 | G38: "MAE": 7.670857318242391,
A39: Does it help the decision-making and provide actionability? | B39: 0.15 | C39: 3 | D39: =C39*B39 -> 0.45 | G39: "MAPE": 9.008195066452027,
B40: =SUM(B31:B39) -> 1 | D40: =SUM(D31:D39) -> 2.9 | G40: "RMSE": null
G41: }
A42: deepseek-v3.2 | FI | G42: },
A43: Metric | B43: Weight | C43: Score [1,5] | D43: Weighted Score | G43: "Feature Sensitivity": {
A44: Does it answer the question of why this is an anomaly or performs bad? | B44: 0.15 | C44: 3 | D44: =C44*B44 -> 0.45 | G44: "top_3_features": {
A45: Is all the available information used for the reasoning? (Performance/Feature Importance) | B45: 0.1 | C45: 3 | D45: =C45*B45 -> 0.3 | G45: "temperature": 1.3362564251022722,
A46: Is there a coherent argumentation and reasoning provided for the interpretation? | B46: 0.1 | C46: 3 | D46: =C46*B46 -> 0.3 | G46: "dew_point_temperature": 0.5444265831001174,
A47: Is there a correct interpretation of relationships? | B47: 0.15 | C47: 3 | D47: =C47*B47 -> 0.45 | G47: "wind_direction": 0.3337700273948302
A48: Is external or domain knowledge integrated into reasoning? | B48: 0.15 | C48: 4 | D48: =C48*B48 -> 0.6 | G48: },
A49: Does it provide a clear and concise explanation? (writing style) | B49: 0.05 | C49: 4 | D49: =C49*B49 -> 0.2 | G49: "average_historical_model_contribution": {
A50: Does it avoid irrelevant or excessive information? (information provided) | B50: 0.05 | C50: 4 | D50: =C50*B50 -> 0.2 | G50: "temperature": 0.9178090962886913,
A51: Is it clear and easy to understand for non-experts? | B51: 0.1 | C51: 3 | D51: =C51*B51 -> 0.3 | G51: "dew_point_temperature": 0.5532316446581149,
A52: Does it help the decision-making and provide actionability? | B52: 0.15 | C52: 3 | D52: =C52*B52 -> 0.45 | G52: "wind_direction-yesterday": 0.3475051080924656
B53: =SUM(B44:B52) -> 1 | D53: =SUM(D44:D52) -> 3.25 | G53: }
G54: },
A55: deepseek-v3.2 | P | G55: "Tag Diagnostics": {
A56: Metric | B56: Weight | C56: Score [1,5] | D56: Weighted Score | G56: "All": {
A57: Does it answer the question of why this is an anomaly or performs bad? | B57: 0.15 | C57: 3 | D57: =C57*B57 -> 0.45 | G57: "performance": 3.049878240826069,
A58: Is all the available information used for the reasoning? (Performance/Feature Importance) | B58: 0.1 | C58: 3 | D58: =C58*B58 -> 0.3 | G58: "outlier_score_value": -2.5388256166528373,
A59: Is there a coherent argumentation and reasoning provided for the interpretation? | B59: 0.1 | C59: 3 | D59: =C59*B59 -> 0.3 | G59: "outlier_score": "strong",
A60: Is there a correct interpretation of relationships? | B60: 0.15 | C60: 3 | D60: =C60*B60 -> 0.45 | G60: "analytics_time": "2024-06-22 22:00:00.000000"
A61: Is external or domain knowledge integrated into reasoning? | B61: 0.15 | C61: 2 | D61: =C61*B61 -> 0.3 | G61: },
A62: Does it provide a clear and concise explanation? (writing style) | B62: 0.05 | C62: 4 | D62: =C62*B62 -> 0.2 | G62: "hill": {
A63: Does it avoid irrelevant or excessive information? (information provided) | B63: 0.05 | C63: 3 | D63: =C63*B63 -> 0.15 | G63: "performance": 2.97908942636802,
A64: Is it clear and easy to understand for non-experts? | B64: 0.1 | C64: 4 | D64: =C64*B64 -> 0.4 | G64: "outlier_score_value": -2.5662987072732455,
A65: Does it help the decision-making and provide actionability? | B65: 0.15 | C65: 3 | D65: =C65*B65 -> 0.45 | G65: "outlier_score": "strong",
B66: =SUM(B57:B65) -> 1 | D66: =SUM(D57:D65) -> 3 | G66: "analytics_time": "2024-06-22 22:00:00.000000"
G67: },
A68: deepseek-v3.2 | FI + P | G68: "unknown": {
A69: Metric | B69: Weight | C69: Score [1,5] | D69: Weighted Score | G69: "performance": 2.351593301436202,
A70: Does it answer the question of why this is an anomaly or performs bad? | B70: 0.15 | C70: 3 | D70: =C70*B70 -> 0.45 | G70: "outlier_score_value": -2.857532528069188,
A71: Is all the available information used for the reasoning? (Performance/Feature Importance) | B71: 0.1 | C71: 2 | D71: =C71*B71 -> 0.2 | G71: "outlier_score": "strong",
A72: Is there a coherent argumentation and reasoning provided for the interpretation? | B72: 0.1 | C72: 3 | D72: =C72*B72 -> 0.3 | G72: "analytics_time": "2024-06-22 22:00:00.000000"
A73: Is there a correct interpretation of relationships? | B73: 0.15 | C73: 3 | D73: =C73*B73 -> 0.45 | G73: },
A74: Is external or domain knowledge integrated into reasoning? | B74: 0.15 | C74: 2 | D74: =C74*B74 -> 0.3 | G74: "Not applicable": {
A75: Does it provide a clear and concise explanation? (writing style) | B75: 0.05 | C75: 4 | D75: =C75*B75 -> 0.2 | G75: "performance": 2.3250050390752772,
A76: Does it avoid irrelevant or excessive information? (information provided) | B76: 0.05 | C76: 4 | D76: =C76*B76 -> 0.2 | G76: "outlier_score_value": -2.459153200875744,
A77: Is it clear and easy to understand for non-experts? | B77: 0.1 | C77: 4 | D77: =C77*B77 -> 0.4 | G77: "outlier_score": "strong",
A78: Does it help the decision-making and provide actionability? | B78: 0.15 | C78: 4 | D78: =C78*B78 -> 0.6 | G78: "analytics_time": "2024-06-22 22:00:00.000000"
B79: =SUM(B70:B78) -> 1 | D79: =SUM(D70:D78) -> 3.1 | G79: },
G80: "UTC+5": {
A81: kimi-k2.5 | FI | G81: "performance": 1.9498522722749594,
A82: Metric | B82: Weight | C82: Score [1,5] | D82: Weighted Score | G82: "outlier_score_value": -1.0493857839148462,
A83: Does it answer the question of why this is an anomaly or performs bad? | B83: 0.15 | C83: 3 | D83: =C83*B83 -> 0.45 | G83: "outlier_score": "moderate",
A84: Is all the available information used for the reasoning? (Performance/Feature Importance) | B84: 0.1 | C84: 4 | D84: =C84*B84 -> 0.4 | G84: "analytics_time": "2024-06-22 22:00:00.000000"
A85: Is there a coherent argumentation and reasoning provided for the interpretation? | B85: 0.1 | C85: 3 | D85: =C85*B85 -> 0.3 | G85: },
A86: Is there a correct interpretation of relationships? | B86: 0.15 | C86: 2 | D86: =C86*B86 -> 0.3 | G86: "Worst Tag": [
A87: Is external or domain knowledge integrated into reasoning? | B87: 0.15 | C87: 3 | D87: =C87*B87 -> 0.45 | G87: "All"
A88: Does it provide a clear and concise explanation? (writing style) | B88: 0.05 | C88: 4 | D88: =C88*B88 -> 0.2 | G88: ]
A89: Does it avoid irrelevant or excessive information? (information provided) | B89: 0.05 | C89: 3 | D89: =C89*B89 -> 0.15 | G89: },
A90: Is it clear and easy to understand for non-experts? | B90: 0.1 | C90: 4 | D90: =C90*B90 -> 0.4 | G90: "Cross Tag Context": {
A91: Does it help the decision-making and provide actionability? | B91: 0.15 | C91: 3 | D91: =C91*B91 -> 0.45 | G91: "worst_performance_tag": "All",
B92: =SUM(B83:B91) -> 1 | D92: =SUM(D83:D91) -> 3.1 | G92: "worst_outlier_tag": "unknown",
G93: "problem_pattern": "device_specific",
A94: kimi-k2.5 | P | G94: "extreme_outlier_ratio": 0.8
A95: Metric | B95: Weight | C95: Score [1,5] | D95: Weighted Score | G95: }
A96: Does it answer the question of why this is an anomaly or performs bad? | B96: 0.15 | C96: 3 | D96: =C96*B96 -> 0.45 | G96: }
A97: Is all the available information used for the reasoning? (Performance/Feature Importance) | B97: 0.1 | C97: 4 | D97: =C97*B97 -> 0.4
A98: Is there a coherent argumentation and reasoning provided for the interpretation? | B98: 0.1 | C98: 3 | D98: =C98*B98 -> 0.3 | G98: You are helping users understand the behaviour of a machine learning model. Based on the information provided in the schema and additional information that helps to provide a good answer, provide an easy to understand interpretation for why the weather station 88 is an anomaly. What does that mean for future predictions of the weather station?
A99: Is there a correct interpretation of relationships? | B99: 0.15 | C99: 3 | D99: =C99*B99 -> 0.45
A100: Is external or domain knowledge integrated into reasoning? | B100: 0.15 | C100: 3 | D100: =C100*B100 -> 0.45 | G100: Important information regarding the data in the schema at hand:
...

Sheet d131 #1
A1: Max Score: | B1: =B5*5 + B6*5 +B7*5+B8*5+B9*5+B10*5+B11*5+B12*5+B13*5 -> 5
F2: Input Structure: | G2: Schema:
A3: gwen3.5 | FI | G3: {
A4: Metric | B4: Weight | C4: Score [1,5] | D4: Weighted Score | G4: "Device Information": {
A5: Does it answer the question of why this is an anomaly or performs bad? | B5: 0.15 | C5: 2 | D5: =C5*B5 -> 0.3 | G5: "tags": {
A6: Is all the available information used for the reasoning? (Performance/Feature Importance) | B6: 0.1 | C6: 2 | D6: =C6*B6 -> 0.2 | G6: "terrain": "lowland",
A7: Is there a coherent argumentation and reasoning provided for the interpretation? | B7: 0.1 | C7: 2 | D7: =C7*B7 -> 0.2 | G7: "name": "OGOKI POST A",
A8: Is there a correct interpretation of relationships? | B8: 0.15 | C8: 2 | D8: =C8*B8 -> 0.3 | G8: "tz": "UTC-5",
A9: Is external or domain knowledge integrated into reasoning? | B9: 0.15 | C9: 2 | D9: =C9*B9 -> 0.3 | G9: "country": "Canada",
A10: Does it provide a clear and concise explanation? (writing style) | B10: 0.05 | C10: 4 | D10: =C10*B10 -> 0.2 | G10: "station_id": "CAN06075786",
A11: Does it avoid irrelevant or excessive information? (information provided) | B11: 0.05 | C11: 3 | D11: =C11*B11 -> 0.15 | G11: "urbanization": "rural",
A12: Is it clear and easy to understand for non-experts? | B12: 0.1 | C12: 4 | D12: =C12*B12 -> 0.4 | G12: "city": "Greenstone",
A13: Does it help the decision-making and provide actionability? | B13: 0.15 | C13: 3 | D13: =C13*B13 -> 0.45 | G13: "state": "Ontario"
B14: =SUM(B5:B13) -> 1 | D14: =SUM(D5:D13) -> 2.5 | G14: }
G15: },
A16: gwen3.5 | P | G16: "Active Model Context": {
A17: Metric | B17: Weight | C17: Score [1,5] | D17: Weighted Score | G17: "version": 8,
A18: Does it answer the question of why this is an anomaly or performs bad? | B18: 0.15 | C18: 3 | D18: =C18*B18 -> 0.45 | G18: "is_valid": 1,
A19: Is all the available information used for the reasoning? (Performance/Feature Importance) | B19: 0.1 | C19: 3 | D19: =C19*B19 -> 0.3 | G19: "is_compatible": 1,
A20: Is there a coherent argumentation and reasoning provided for the interpretation? | B20: 0.1 | C20: 2 | D20: =C20*B20 -> 0.2 | G20: "model_age_days": 1547,
A21: Is there a correct interpretation of relationships? | B21: 0.15 | C21: 2 | D21: =C21*B21 -> 0.3 | G21: "training_recency_bucket": "outdated"
A22: Is external or domain knowledge integrated into reasoning? | B22: 0.15 | C22: 2 | D22: =C22*B22 -> 0.3 | G22: },
A23: Does it provide a clear and concise explanation? (writing style) | B23: 0.05 | C23: 4 | D23: =C23*B23 -> 0.2 | G23: "Model Performance Context": {
A24: Does it avoid irrelevant or excessive information? (information provided) | B24: 0.05 | C24: 3 | D24: =C24*B24 -> 0.15 | G24: "average metrics": {
A25: Is it clear and easy to understand for non-experts? | B25: 0.1 | C25: 4 | D25: =C25*B25 -> 0.4 | G25: "MAE": 16.670150637626648,
A26: Does it help the decision-making and provide actionability? | B26: 0.15 | C26: 3 | D26: =C26*B26 -> 0.45 | G26: "RMSE": 4.384457421302796,
B27: =SUM(B18:B26) -> 1 | D27: =SUM(D18:D26) -> 2.75 | G27: "MAPE": 17.724907338619232
G28: },
A29: gwen3.5 | FI + P | G29: "overall_error_score": 12.977009995000667,
A30: Metric | B30: Weight | C30: Score [1,5] | D30: Weighted Score | G30: "trend": "degrading",
A31: Does it answer the question of why this is an anomaly or performs bad? | B31: 0.15 | C31: 2 | D31: =C31*B31 -> 0.3 | G31: "worst_performance_error_score": 8.035996518007464,
A32: Is all the available information used for the reasoning? (Performance/Feature Importance) | B32: 0.1 | C32: 2 | D32: =C32*B32 -> 0.2 | G32: "worst_time_stamp": "2025-01-30 11:10:05"
A33: Is there a coherent argumentation and reasoning provided for the interpretation? | B33: 0.1 | C33: 3 | D33: =C33*B33 -> 0.3 | G33: },
A34: Is there a correct interpretation of relationships? | B34: 0.15 | C34: 3 | D34: =C34*B34 -> 0.45 | G34: "Model Version History": {
A35: Is external or domain knowledge integrated into reasoning? | B35: 0.15 | C35: 2 | D35: =C35*B35 -> 0.3 | G35: "versions_available": 7,
A36: Does it provide a clear and concise explanation? (writing style) | B36: 0.05 | C36: 4 | D36: =C36*B36 -> 0.2 | G36: "average_performance": {
A37: Does it avoid irrelevant or excessive information? (information provided) | B37: 0.05 | C37: 4 | D37: =C37*B37 -> 0.2 | G37: "MAE": 9.934088706970215,
A38: Is it clear and easy to understand for non-experts? | B38: 0.1 | C38: 3 | D38: =C38*B38 -> 0.3 | G38: "MAPE": 11.332808494567871,
A39: Does it help the decision-making and provide actionability? | B39: 0.15 | C39: 2 | D39: =C39*B39 -> 0.3 | G39: "RMSE": null
B40: =SUM(B31:B39) -> 1 | D40: =SUM(D31:D39) -> 2.55 | G40: }
G41: },
A42: deepseek-v3.2 | FI | G42: "Feature Sensitivity": {
A43: Metric | B43: Weight | C43: Score [1,5] | D43: Weighted Score | G43: "top_3_features": {
A44: Does it answer the question of why this is an anomaly or performs bad? | B44: 0.15 | C44: 3 | D44: =C44*B44 -> 0.45 | G44: "temperature": 1.1146011545138748,
A45: Is all the available information used for the reasoning? (Performance/Feature Importance) | B45: 0.1 | C45: 4 | D45: =C45*B45 -> 0.4 | G45: "temperature-yesterday": 0.4962712226487427,
A46: Is there a coherent argumentation and reasoning provided for the interpretation? | B46: 0.1 | C46: 3 | D46: =C46*B46 -> 0.3 | G46: "wind_direction-yesterday": 0.40130767566484826
A47: Is there a correct interpretation of relationships? | B47: 0.15 | C47: 3 | D47: =C47*B47 -> 0.45 | G47: },
A48: Is external or domain knowledge integrated into reasoning? | B48: 0.15 | C48: 2 | D48: =C48*B48 -> 0.3 | G48: "average_historical_model_contribution": {
A49: Does it provide a clear and concise explanation? (writing style) | B49: 0.05 | C49: 4 | D49: =C49*B49 -> 0.2 | G49: "temperature": 1.02739787517374,
A50: Does it avoid irrelevant or excessive information? (information provided) | B50: 0.05 | C50: 3 | D50: =C50*B50 -> 0.15 | G50: "temperature-yesterday": 0.4735450398292181,
A51: Is it clear and easy to understand for non-experts? | B51: 0.1 | C51: 4 | D51: =C51*B51 -> 0.4 | G51: "wind_direction-yesterday": 0.39752670587760425
A52: Does it help the decision-making and provide actionability? | B52: 0.15 | C52: 4 | D52: =C52*B52 -> 0.6 | G52: }
B53: =SUM(B44:B52) -> 1 | D53: =SUM(D44:D52) -> 3.25 | G53: },
G54: "Tag Diagnostics": {
A55: deepseek-v3.2 | P | G55: "Ontario": {
A56: Metric | B56: Weight | C56: Score [1,5] | D56: Weighted Score | G56: "performance": 17.98217862877089,
A57: Does it answer the question of why this is an anomaly or performs bad? | B57: 0.15 | C57: 4 | D57: =C57*B57 -> 0.6 | G57: "outlier_score_value": -1.366132667701791,
A58: Is all the available information used for the reasoning? (Performance/Feature Importance) | B58: 0.1 | C58: 3 | D58: =C58*B58 -> 0.3 | G58: "outlier_score": "moderate",
A59: Is there a coherent argumentation and reasoning provided for the interpretation? | B59: 0.1 | C59: 3 | D59: =C59*B59 -> 0.3 | G59: "analytics_time": "2024-06-22 22:00:00.000000"
A60: Is there a correct interpretation of relationships? | B60: 0.15 | C60: 3 | D60: =C60*B60 -> 0.45 | G60: },
A61: Is external or domain knowledge integrated into reasoning? | B61: 0.15 | C61: 2 | D61: =C61*B61 -> 0.3 | G61: "lowland": {
A62: Does it provide a clear and concise explanation? (writing style) | B62: 0.05 | C62: 4 | D62: =C62*B62 -> 0.2 | G62: "performance": 7.640220805374328,
A63: Does it avoid irrelevant or excessive information? (information provided) | B63: 0.05 | C63: 3 | D63: =C63*B63 -> 0.15 | G63: "outlier_score_value": -1.0190773503365347,
A64: Is it clear and easy to understand for non-experts? | B64: 0.1 | C64: 4 | D64: =C64*B64 -> 0.4 | G64: "outlier_score": "moderate",
A65: Does it help the decision-making and provide actionability? | B65: 0.15 | C65: 3 | D65: =C65*B65 -> 0.45 | G65: "analytics_time": "2024-06-22 22:00:00.000000"
B66: =SUM(B57:B65) -> 1 | D66: =SUM(D57:D65) -> 3.15 | G66: },
G67: "rural": {
A68: deepseek-v3.2 | FI + P | G68: "performance": 7.53930731207449,
A69: Metric | B69: Weight | C69: Score [1,5] | D69: Weighted Score | G69: "outlier_score_value": -1.0337059444528445,
A70: Does it answer the question of why this is an anomaly or performs bad? | B70: 0.15 | C70: 3 | D70: =C70*B70 -> 0.45 | G70: "outlier_score": "moderate",
A71: Is all the available information used for the reasoning? (Performance/Feature Importance) | B71: 0.1 | C71: 2 | D71: =C71*B71 -> 0.2 | G71: "analytics_time": "2024-06-22 22:00:00.000000"
A72: Is there a coherent argumentation and reasoning provided for the interpretation? | B72: 0.1 | C72: 4 | D72: =C72*B72 -> 0.4 | G72: },
A73: Is there a correct interpretation of relationships? | B73: 0.15 | C73: 4 | D73: =C73*B73 -> 0.6 | G73: "All": {
A74: Is external or domain knowledge integrated into reasoning? | B74: 0.15 | C74: 3 | D74: =C74*B74 -> 0.45 | G74: "performance": 7.3411128988871,
A75: Does it provide a clear and concise explanation? (writing style) | B75: 0.05 | C75: 3 | D75: =C75*B75 -> 0.15 | G75: "outlier_score_value": -1.0640332777780408,
A76: Does it avoid irrelevant or excessive information? (information provided) | B76: 0.05 | C76: 4 | D76: =C76*B76 -> 0.2 | G76: "outlier_score": "moderate",
A77: Is it clear and easy to understand for non-experts? | B77: 0.1 | C77: 4 | D77: =C77*B77 -> 0.4 | G77: "analytics_time": "2024-06-22 22:00:00.000000"
A78: Does it help the decision-making and provide actionability? | B78: 0.15 | C78: 3 | D78: =C78*B78 -> 0.45 | G78: },
B79: =SUM(B70:B78) -> 1 | D79: =SUM(D70:D78) -> 3.3 | G79: "UTC-5": {
G80: "performance": 6.598249308290366,
A81: kimi-k2.5 | FI | G81: "outlier_score_value": -1.0575524354781733,
A82: Metric | B82: Weight | C82: Score [1,5] | D82: Weighted Score | G82: "outlier_score": "moderate",
A83: Does it answer the question of why this is an anomaly or performs bad? | B83: 0.15 | C83: 3 | D83: =C83*B83 -> 0.45 | G83: "analytics_time": "2024-06-22 22:00:00.000000"
A84: Is all the available information used for the reasoning? (Performance/Feature Importance) | B84: 0.1 | C84: 2 | D84: =C84*B84 -> 0.2 | G84: },
A85: Is there a coherent argumentation and reasoning provided for the interpretation? | B85: 0.1 | C85: 3 | D85: =C85*B85 -> 0.3 | G85: "Canada": {
A86: Is there a correct interpretation of relationships? | B86: 0.15 | C86: 3 | D86: =C86*B86 -> 0.45 | G86: "performance": 4.863609290113009,
A87: Is external or domain knowledge integrated into reasoning? | B87: 0.15 | C87: 3 | D87: =C87*B87 -> 0.45 | G87: "outlier_score_value": -1.2802194401780667,
A88: Does it provide a clear and concise explanation? (writing style) | B88: 0.05 | C88: 4 | D88: =C88*B88 -> 0.2 | G88: "outlier_score": "moderate",
A89: Does it avoid irrelevant or excessive information? (information provided) | B89: 0.05 | C89: 4 | D89: =C89*B89 -> 0.2 | G89: "analytics_time": "2024-06-22 22:00:00.000000"
A90: Is it clear and easy to understand for non-experts? | B90: 0.1 | C90: 3 | D90: =C90*B90 -> 0.3 | G90: },
A91: Does it help the decision-making and provide actionability? | B91: 0.15 | C91: 3 | D91: =C91*B91 -> 0.45 | G91: "Worst Tag": [
B92: =SUM(B83:B91) -> 1 | D92: =SUM(D83:D91) -> 3 | G92: "Ontario"
G93: ]
A94: kimi-k2.5 | P | G94: },
A95: Metric | B95: Weight | C95: Score [1,5] | D95: Weighted Score | G95: "Cross Tag Context": {
A96: Does it answer the question of why this is an anomaly or performs bad? | B96: 0.15 | C96: 3 | D96: =C96*B96 -> 0.45 | G96: "worst_performance_tag": "Ontario",
A97: Is all the available information used for the reasoning? (Performance/Feature Importance) | B97: 0.1 | C97: 3 | D97: =C97*B97 -> 0.3 | G97: "worst_outlier_tag": "Ontario",
A98: Is there a coherent argumentation and reasoning provided for the interpretation? | B98: 0.1 | C98: 2 | D98: =C98*B98 -> 0.2 | G98: "problem_pattern": "tag_specific",
A99: Is there a correct interpretation of relationships? | B99: 0.15 | C99: 3 | D99: =C99*B99 -> 0.45 | G99: "extreme_outlier_ratio": 0.0
A100: Is external or domain knowledge integrated into reasoning? | B100: 0.15 | C100: 3 | D100: =C100*B100 -> 0.45 | G100: }
...

Sheet d88 #2
A1: Max Score: | B1: =B5*5 + B6*5 +B7*5+B8*5+B9*5+B10*5+B11*5+B12*5+B13*5 -> 5
F2: Input Structure:
A3: gwen3.5 | FI
A4: Metric | B4: Weight | C4: Score [1,5] | D4: Weighted Score
A5: Does it answer the question of why this is an anomaly or performs bad? | B5: 0.15 | C5: 4 | D5: =C5*B5 -> 0.6
A6: Is all the available information used for the reasoning? (Performance/Feature Importance) | B6: 0.1 | C6: 4 | D6: =C6*B6 -> 0.4
A7: Is there a coherent argumentation and reasoning provided for the interpretation? | B7: 0.1 | C7: 3 | D7: =C7*B7 -> 0.3
A8: Is there a correct interpretation of relationships? | B8: 0.15 | C8: 2 | D8: =C8*B8 -> 0.3
A9: Is external or domain knowledge integrated into reasoning? | B9: 0.15 | C9: 3 | D9: =C9*B9 -> 0.45
A10: Does it provide a clear and concise explanation? (writing style) | B10: 0.05 | C10: 2 | D10: =C10*B10 -> 0.1
A11: Does it avoid irrelevant or excessive information? (information provided) | B11: 0.05 | C11: 2 | D11: =C11*B11 -> 0.1
A12: Is it clear and easy to understand for non-experts? | B12: 0.1 | C12: 4 | D12: =C12*B12 -> 0.4
A13: Does it help the decision-making and provide actionability? | B13: 0.15 | C13: 4 | D13: =C13*B13 -> 0.6
B14: =SUM(B5:B13) -> 1 | D14: =SUM(D5:D13) -> 3.25
A16: gwen3.5 | P
A17: Metric | B17: Weight | C17: Score [1,5] | D17: Weighted Score
A18: Does it answer the question of why this is an anomaly or performs bad? | B18: 0.15 | C18: 4 | D18: =C18*B18 -> 0.6
A19: Is all the available information used for the reasoning? (Performance/Feature Importance) | B19: 0.1 | C19: 4 | D19: =C19*B19 -> 0.4
A20: Is there a coherent argumentation and reasoning provided for the interpretation? | B20: 0.1 | C20: 3 | D20: =C20*B20 -> 0.3
A21: Is there a correct interpretation of relationships? | B21: 0.15 | C21: 2 | D21: =C21*B21 -> 0.3
A22: Is external or domain knowledge integrated into reasoning? | B22: 0.15 | C22: 3 | D22: =C22*B22 -> 0.45
A23: Does it provide a clear and concise explanation? (writing style) | B23: 0.05 | C23: 2 | D23: =C23*B23 -> 0.1
A24: Does it avoid irrelevant or excessive information? (information provided) | B24: 0.05 | C24: 2 | D24: =C24*B24 -> 0.1
A25: Is it clear and easy to understand for non-experts? | B25: 0.1 | C25: 4 | D25: =C25*B25 -> 0.4
A26: Does it help the decision-making and provide actionability? | B26: 0.15 | C26: 4 | D26: =C26*B26 -> 0.6
B27: =SUM(B18:B26) -> 1 | D27: =SUM(D18:D26) -> 3.25
A29: gwen3.5 | FI + P
A30: Metric | B30: Weight | C30: Score [1,5] | D30: Weighted Score
A31: Does it answer the question of why this is an anomaly or performs bad? | B31: 0.15 | C31: 4 | D31: =C31*B31 -> 0.6
A32: Is all the available information used for the reasoning? (Performance/Feature Importance) | B32: 0.1 | C32: 4 | D32: =C32*B32 -> 0.4
A33: Is there a coherent argumentation and reasoning provided for the interpretation? | B33: 0.1 | C33: 3 | D33: =C33*B33 -> 0.3
A34: Is there a correct interpretation of relationships? | B34: 0.15 | C34: 2 | D34: =C34*B34 -> 0.3
A35: Is external or domain knowledge integrated into reasoning? | B35: 0.15 | C35: 3 | D35: =C35*B35 -> 0.45
A36: Does it provide a clear and concise explanation? (writing style) | B36: 0.05 | C36: 2 | D36: =C36*B36 -> 0.1
A37: Does it avoid irrelevant or excessive information? (information provided) | B37: 0.05 | C37: 2 | D37: =C37*B37 -> 0.1
A38: Is it clear and easy to understand for non-experts? | B38: 0.1 | C38: 4 | D38: =C38*B38 -> 0.4
A39: Does it help the decision-making and provide actionability? | B39: 0.15 | C39: 4 | D39: =C39*B39 -> 0.6
B40: =SUM(B31:B39) -> 1 | D40: =SUM(D31:D39) -> 3.25
A42: deepseek-v3.2 | FI
A43: Metric | B43: Weight | C43: Score [1,5] | D43: Weighted Score
A44: Does it answer the question of why this is an anomaly or performs bad? | B44: 0.15 | C44: 4 | D44: =C44*B44 -> 0.6
A45: Is all the available information used for the reasoning? (Performance/Feature Importance) | B45: 0.1 | C45: 4 | D45: =C45*B45 -> 0.4
A46: Is there a coherent argumentation and reasoning provided for the interpretation? | B46: 0.1 | C46: 3 | D46: =C46*B46 -> 0.3
A47: Is there a correct interpretation of relationships? | B47: 0.15 | C47: 2 | D47: =C47*B47 -> 0.3
A48: Is external or domain knowledge integrated into reasoning? | B48: 0.15 | C48: 3 | D48: =C48*B48 -> 0.45
A49: Does it provide a clear and concise explanation? (writing style) | B49: 0.05 | C49: 2 | D49: =C49*B49 -> 0.1
A50: Does it avoid irrelevant or excessive information? (information provided) | B50: 0.05 | C50: 2 | D50: =C50*B50 -> 0.1
A51: Is it clear and easy to understand for non-experts? | B51: 0.1 | C51: 4 | D51: =C51*B51 -> 0.4
A52: Does it help the decision-making and provide actionability? | B52: 0.15 | C52: 4 | D52: =C52*B52 -> 0.6
B53: =SUM(B44:B52) -> 1 | D53: =SUM(D44:D52) -> 3.25
A55: deepseek-v3.2 | P
A56: Metric | B56: Weight | C56: Score [1,5] | D56: Weighted Score
A57: Does it answer the question of why this is an anomaly or performs bad? | B57: 0.15 | C57: 4 | D57: =C57*B57 -> 0.6
A58: Is all the available information used for the reasoning? (Performance/Feature Importance) | B58: 0.1 | C58: 4 | D58: =C58*B58 -> 0.4
A59: Is there a coherent argumentation and reasoning provided for the interpretation? | B59: 0.1 | C59: 3 | D59: =C59*B59 -> 0.3
A60: Is there a correct interpretation of relationships? | B60: 0.15 | C60: 2 | D60: =C60*B60 -> 0.3
A61: Is external or domain knowledge integrated into reasoning? | B61: 0.15 | C61: 3 | D61: =C61*B61 -> 0.45
A62: Does it provide a clear and concise explanation? (writing style) | B62: 0.05 | C62: 2 | D62: =C62*B62 -> 0.1
A63: Does it avoid irrelevant or excessive information? (information provided) | B63: 0.05 | C63: 2 | D63: =C63*B63 -> 0.1
A64: Is it clear and easy to understand for non-experts? | B64: 0.1 | C64: 4 | D64: =C64*B64 -> 0.4
A65: Does it help the decision-making and provide actionability? | B65: 0.15 | C65: 4 | D65: =C65*B65 -> 0.6
B66: =SUM(B57:B65) -> 1 | D66: =SUM(D57:D65) -> 3.25
A68: deepseek-v3.2 | FI + P
A69: Metric | B69: Weight | C69: Score [1,5] | D69: Weighted Score
A70: Does it answer the question of why this is an anomaly or performs bad? | B70: 0.15 | C70: 4 | D70: =C70*B70 -> 0.6
A71: Is all the available information used for the reasoning? (Performance/Feature Importance) | B71: 0.1 | C71: 4 | D71: =C71*B71 -> 0.4
A72: Is there a coherent argumentation and reasoning provided for the interpretation? | B72: 0.1 | C72: 3 | D72: =C72*B72 -> 0.3
A73: Is there a correct interpretation of relationships? | B73: 0.15 | C73: 2 | D73: =C73*B73 -> 0.3
A74: Is external or domain knowledge integrated into reasoning? | B74: 0.15 | C74: 3 | D74: =C74*B74 -> 0.45
A75: Does it provide a clear and concise explanation? (writing style) | B75: 0.05 | C75: 2 | D75: =C75*B75 -> 0.1
A76: Does it avoid irrelevant or excessive information? (information provided) | B76: 0.05 | C76: 2 | D76: =C76*B76 -> 0.1
A77: Is it clear and easy to understand for non-experts? | B77: 0.1 | C77: 4 | D77: =C77*B77 -> 0.4
A78: Does it help the decision-making and provide actionability? | B78: 0.15 | C78: 4 | D78: =C78*B78 -> 0.6
B79: =SUM(B70:B78) -> 1 | D79: =SUM(D70:D78) -> 3.25
A81: kimi-k2.5 | FI
A82: Metric | B82: Weight | C82: Score [1,5] | D82: Weighted Score
A83: Does it answer the question of why this is an anomaly or performs bad? | B83: 0.15 | C83: 4 | D83: =C83*B83 -> 0.6
A84: Is all the available information used for the reasoning? (Performance/Feature Importance) | B84: 0.1 | C84: 4 | D84: =C84*B84 -> 0.4
A85: Is there a coherent argumentation and reasoning provided for the interpretation? | B85: 0.1 | C85: 3 | D85: =C85*B85 -> 0.3
A86: Is there a correct interpretation of relationships? | B86: 0.15 | C86: 2 | D86: =C86*B86 -> 0.3
A87: Is external or domain knowledge integrated into reasoning? | B87: 0.15 | C87: 3 | D87: =C87*B87 -> 0.45
A88: Does it provide a clear and concise explanation? (writing style) | B88: 0.05 | C88: 2 | D88: =C88*B88 -> 0.1
A89: Does it avoid irrelevant or excessive information? (information provided) | B89: 0.05 | C89: 2 | D89: =C89*B89 -> 0.1
A90: Is it clear and easy to understand for non-experts? | B90: 0.1 | C90: 4 | D90: =C90*B90 -> 0.4
A91: Does it help the decision-making and provide actionability? | B91: 0.15 | C91: 4 | D91: =C91*B91 -> 0.6
B92: =SUM(B83:B91) -> 1 | D92: =SUM(D83:D91) -> 3.25
A94: kimi-k2.5 | P
A95: Metric | B95: Weight | C95: Score [1,5] | D95: Weighted Score
A96: Does it answer the question of why this is an anomaly or performs bad? | B96: 0.15 | C96: 4 | D96: =C96*B96 -> 0.6
A97: Is all the available information used for the reasoning? (Performance/Feature Importance) | B97: 0.1 | C97: 4 | D97: =C97*B97 -> 0.4
A98: Is there a coherent argumentation and reasoning provided for the interpretation? | B98: 0.1 | C98: 3 | D98: =C98*B98 -> 0.3
A99: Is there a correct interpretation of relationships? | B99: 0.15 | C99: 2 | D99: =C99*B99 -> 0.3
A100: Is external or domain knowledge integrated into reasoning? | B100: 0.15 | C100: 3 | D100: =C100*B100 -> 0.45
A101: Does it provide a clear and concise explanation? (writing style) | B101: 0.05 | C101: 2 | D101: =C101*B101 -> 0.1
A102: Does it avoid irrelevant or excessive information? (information provided) | B102: 0.05 | C102: 2 | D102: =C102*B102 -> 0.1
A103: Is it clear and easy to understand for non-experts? | B103: 0.1 | C103: 4 | D103: =C103*B103 -> 0.4
A104: Does it help the decision-making and provide actionability? | B104: 0.15 | C104: 4 | D104: =C104*B104 -> 0.6
B105: =SUM(B96:B104) -> 1 | D105: =SUM(D96:D104) -> 3.25
A107: kimi-k2.5 | FI + P
A108: Metric | B108: Weight | C108: Score [1,5] | D108: Weighted Score
...

Sheet d131 #2
A1: Max Score: | B1: =B5*5 + B6*5 +B7*5+B8*5+B9*5+B10*5+B11*5+B12*5+B13*5 -> 5
F2: Input Structure:
A3: gwen3.5 | FI
A4: Metric | B4: Weight | C4: Score [1,5] | D4: Weighted Score
A5: Does it answer the question of why this is an anomaly or performs bad? | B5: 0.15 | C5: 4 | D5: =C5*B5 -> 0.6
A6: Is all the available information used for the reasoning? (Performance/Feature Importance) | B6: 0.1 | C6: 4 | D6: =C6*B6 -> 0.4
A7: Is there a coherent argumentation and reasoning provided for the interpretation? | B7: 0.1 | C7: 3 | D7: =C7*B7 -> 0.3
A8: Is there a correct interpretation of relationships? | B8: 0.15 | C8: 2 | D8: =C8*B8 -> 0.3
A9: Is external or domain knowledge integrated into reasoning? | B9: 0.15 | C9: 3 | D9: =C9*B9 -> 0.45
A10: Does it provide a clear and concise explanation? (writing style) | B10: 0.05 | C10: 2 | D10: =C10*B10 -> 0.1
A11: Does it avoid irrelevant or excessive information? (information provided) | B11: 0.05 | C11: 2 | D11: =C11*B11 -> 0.1
A12: Is it clear and easy to understand for non-experts? | B12: 0.1 | C12: 4 | D12: =C12*B12 -> 0.4
A13: Does it help the decision-making and provide actionability? | B13: 0.15 | C13: 4 | D13: =C13*B13 -> 0.6
B14: =SUM(B5:B13) -> 1 | D14: =SUM(D5:D13) -> 3.25
A16: gwen3.5 | P
A17: Metric | B17: Weight | C17: Score [1,5] | D17: Weighted Score
A18: Does it answer the question of why this is an anomaly or performs bad? | B18: 0.15 | C18: 4 | D18: =C18*B18 -> 0.6
A19: Is all the available information used for the reasoning? (Performance/Feature Importance) | B19: 0.1 | C19: 4 | D19: =C19*B19 -> 0.4
A20: Is there a coherent argumentation and reasoning provided for the interpretation? | B20: 0.1 | C20: 3 | D20: =C20*B20 -> 0.3
A21: Is there a correct interpretation of relationships? | B21: 0.15 | C21: 2 | D21: =C21*B21 -> 0.3
A22: Is external or domain knowledge integrated into reasoning? | B22: 0.15 | C22: 3 | D22: =C22*B22 -> 0.45
A23: Does it provide a clear and concise explanation? (writing style) | B23: 0.05 | C23: 2 | D23: =C23*B23 -> 0.1
A24: Does it avoid irrelevant or excessive information? (information provided) | B24: 0.05 | C24: 2 | D24: =C24*B24 -> 0.1
A25: Is it clear and easy to understand for non-experts? | B25: 0.1 | C25: 4 | D25: =C25*B25 -> 0.4
A26: Does it help the decision-making and provide actionability? | B26: 0.15 | C26: 4 | D26: =C26*B26 -> 0.6
B27: =SUM(B18:B26) -> 1 | D27: =SUM(D18:D26) -> 3.25
A29: gwen3.5 | FI + P
A30: Metric | B30: Weight | C30: Score [1,5] | D30: Weighted Score
A31: Does it answer the question of why this is an anomaly or performs bad? | B31: 0.15 | C31: 4 | D31: =C31*B31 -> 0.6
A32: Is all the available information used for the reasoning? (Performance/Feature Importance) | B32: 0.1 | C32: 4 | D32: =C32*B32 -> 0.4
A33: Is there a coherent argumentation and reasoning provided for the interpretation? | B33: 0.1 | C33: 3 | D33: =C33*B33 -> 0.3
A34: Is there a correct interpretation of relationships? | B34: 0.15 | C34: 2 | D34: =C34*B34 -> 0.3
A35: Is external or domain knowledge integrated into reasoning? | B35: 0.15 | C35: 3 | D35: =C35*B35 -> 0.45
A36: Does it provide a clear and concise explanation? (writing style) | B36: 0.05 | C36: 2 | D36: =C36*B36 -> 0.1
A37: Does it avoid irrelevant or excessive information? (information provided) | B37: 0.05 | C37: 2 | D37: =C37*B37 -> 0.1
A38: Is it clear and easy to understand for non-experts? | B38: 0.1 | C38: 4 | D38: =C38*B38 -> 0.4
A39: Does it help the decision-making and provide actionability? | B39: 0.15 | C39: 4 | D39: =C39*B39 -> 0.6
B40: =SUM(B31:B39) -> 1 | D40: =SUM(D31:D39) -> 3.25
A42: deepseek-v3.2 | FI
A43: Metric | B43: Weight | C43: Score [1,5] | D43: Weighted Score
A44: Does it answer the question of why this is an anomaly or performs bad? | B44: 0.15 | C44: 4 | D44: =C44*B44 -> 0.6
A45: Is all the available information used for the reasoning? (Performance/Feature Importance) | B45: 0.1 | C45: 4 | D45: =C45*B45 -> 0.4
A46: Is there a coherent argumentation and reasoning provided for the interpretation? | B46: 0.1 | C46: 3 | D46: =C46*B46 -> 0.3
A47: Is there a correct interpretation of relationships? | B47: 0.15 | C47: 2 | D47: =C47*B47 -> 0.3
A48: Is external or domain knowledge integrated into reasoning? | B48: 0.15 | C48: 3 | D48: =C48*B48 -> 0.45
A49: Does it provide a clear and concise explanation? (writing style) | B49: 0.05 | C49: 2 | D49: =C49*B49 -> 0.1
A50: Does it avoid irrelevant or excessive information? (information provided) | B50: 0.05 | C50: 2 | D50: =C50*B50 -> 0.1
A51: Is it clear and easy to understand for non-experts? | B51: 0.1 | C51: 4 | D51: =C51*B51 -> 0.4
A52: Does it help the decision-making and provide actionability? | B52: 0.15 | C52: 4 | D52: =C52*B52 -> 0.6
B53: =SUM(B44:B52) -> 1 | D53: =SUM(D44:D52) -> 3.25
A55: deepseek-v3.2 | P
A56: Metric | B56: Weight | C56: Score [1,5] | D56: Weighted Score
A57: Does it answer the question of why this is an anomaly or performs bad? | B57: 0.15 | C57: 4 | D57: =C57*B57 -> 0.6
A58: Is all the available information used for the reasoning? (Performance/Feature Importance) | B58: 0.1 | C58: 4 | D58: =C58*B58 -> 0.4
A59: Is there a coherent argumentation and reasoning provided for the interpretation? | B59: 0.1 | C59: 3 | D59: =C59*B59 -> 0.3
A60: Is there a correct interpretation of relationships? | B60: 0.15 | C60: 2 | D60: =C60*B60 -> 0.3
A61: Is external or domain knowledge integrated into reasoning? | B61: 0.15 | C61: 3 | D61: =C61*B61 -> 0.45
A62: Does it provide a clear and concise explanation? (writing style) | B62: 0.05 | C62: 2 | D62: =C62*B62 -> 0.1
A63: Does it avoid irrelevant or excessive information? (information provided) | B63: 0.05 | C63: 2 | D63: =C63*B63 -> 0.1
A64: Is it clear and easy to understand for non-experts? | B64: 0.1 | C64: 4 | D64: =C64*B64 -> 0.4
A65: Does it help the decision-making and provide actionability? | B65: 0.15 | C65: 4 | D65: =C65*B65 -> 0.6
B66: =SUM(B57:B65) -> 1 | D66: =SUM(D57:D65) -> 3.25
A68: deepseek-v3.2 | FI + P
A69: Metric | B69: Weight | C69: Score [1,5] | D69: Weighted Score
A70: Does it answer the question of why this is an anomaly or performs bad? | B70: 0.15 | C70: 4 | D70: =C70*B70 -> 0.6
A71: Is all the available information used for the reasoning? (Performance/Feature Importance) | B71: 0.1 | C71: 4 | D71: =C71*B71 -> 0.4
A72: Is there a coherent argumentation and reasoning provided for the interpretation? | B72: 0.1 | C72: 3 | D72: =C72*B72 -> 0.3
A73: Is there a correct interpretation of relationships? | B73: 0.15 | C73: 2 | D73: =C73*B73 -> 0.3
A74: Is external or domain knowledge integrated into reasoning? | B74: 0.15 | C74: 3 | D74: =C74*B74 -> 0.45
A75: Does it provide a clear and concise explanation? (writing style) | B75: 0.05 | C75: 2 | D75: =C75*B75 -> 0.1
A76: Does it avoid irrelevant or excessive information? (information provided) | B76: 0.05 | C76: 2 | D76: =C76*B76 -> 0.1
A77: Is it clear and easy to understand for non-experts? | B77: 0.1 | C77: 4 | D77: =C77*B77 -> 0.4
A78: Does it help the decision-making and provide actionability? | B78: 0.15 | C78: 4 | D78: =C78*B78 -> 0.6
B79: =SUM(B70:B78) -> 1 | D79: =SUM(D70:D78) -> 3.25
A81: kimi-k2.5 | FI
A82: Metric | B82: Weight | C82: Score [1,5] | D82: Weighted Score
A83: Does it answer the question of why this is an anomaly or performs bad? | B83: 0.15 | C83: 4 | D83: =C83*B83 -> 0.6
A84: Is all the available information used for the reasoning? (Performance/Feature Importance) | B84: 0.1 | C84: 4 | D84: =C84*B84 -> 0.4
A85: Is there a coherent argumentation and reasoning provided for the interpretation? | B85: 0.1 | C85: 3 | D85: =C85*B85 -> 0.3
A86: Is there a correct interpretation of relationships? | B86: 0.15 | C86: 2 | D86: =C86*B86 -> 0.3
A87: Is external or domain knowledge integrated into reasoning? | B87: 0.15 | C87: 3 | D87: =C87*B87 -> 0.45
A88: Does it provide a clear and concise explanation? (writing style) | B88: 0.05 | C88: 2 | D88: =C88*B88 -> 0.1
A89: Does it avoid irrelevant or excessive information? (information provided) | B89: 0.05 | C89: 2 | D89: =C89*B89 -> 0.1
A90: Is it clear and easy to understand for non-experts? | B90: 0.1 | C90: 4 | D90: =C90*B90 -> 0.4
A91: Does it help the decision-making and provide actionability? | B91: 0.15 | C91: 4 | D91: =C91*B91 -> 0.6
B92: =SUM(B83:B91) -> 1 | D92: =SUM(D83:D91) -> 3.25
A94: kimi-k2.5 | P
A95: Metric | B95: Weight | C95: Score [1,5] | D95: Weighted Score
A96: Does it answer the question of why this is an anomaly or performs bad? | B96: 0.15 | C96: 4 | D96: =C96*B96 -> 0.6
A97: Is all the available information used for the reasoning? (Performance/Feature Importance) | B97: 0.1 | C97: 4 | D97: =C97*B97 -> 0.4
A98: Is there a coherent argumentation and reasoning provided for the interpretation? | B98: 0.1 | C98: 3 | D98: =C98*B98 -> 0.3
A99: Is there a correct interpretation of relationships? | B99: 0.15 | C99: 2 | D99: =C99*B99 -> 0.3
A100: Is external or domain knowledge integrated into reasoning? | B100: 0.15 | C100: 3 | D100: =C100*B100 -> 0.45
A101: Does it provide a clear and concise explanation? (writing style) | B101: 0.05 | C101: 2 | D101: =C101*B101 -> 0.1
A102: Does it avoid irrelevant or excessive information? (information provided) | B102: 0.05 | C102: 2 | D102: =C102*B102 -> 0.1
A103: Is it clear and easy to understand for non-experts? | B103: 0.1 | C103: 4 | D103: =C103*B103 -> 0.4
A104: Does it help the decision-making and provide actionability? | B104: 0.15 | C104: 4 | D104: =C104*B104 -> 0.6
B105: =SUM(B96:B104) -> 1 | D105: =SUM(D96:D104) -> 3.25
A107: kimi-k2.5 | FI + P
A108: Metric | B108: Weight | C108: Score [1,5] | D108: Weighted Score
...

Sheet d1383 #2
A1: Max Score: | B1: =B5*5 + B6*5 +B7*5+B8*5+B9*5+B10*5+B11*5+B12*5+B13*5 -> 5
F2: Input Structure:
A3: gwen3.5 | FI
A4: Metric | B4: Weight | C4: Score [1,5] | D4: Weighted Score
A5: Does it answer the question of why this is an anomaly or performs bad? | B5: 0.15 | C5: 4 | D5: =C5*B5 -> 0.6
A6: Is all the available information used for the reasoning? (Performance/Feature Importance) | B6: 0.1 | C6: 4 | D6: =C6*B6 -> 0.4
A7: Is there a coherent argumentation and reasoning provided for the interpretation? | B7: 0.1 | C7: 3 | D7: =C7*B7 -> 0.3
A8: Is there a correct interpretation of relationships? | B8: 0.15 | C8: 2 | D8: =C8*B8 -> 0.3
A9: Is external or domain knowledge integrated into reasoning? | B9: 0.15 | C9: 3 | D9: =C9*B9 -> 0.45
A10: Does it provide a clear and concise explanation? (writing style) | B10: 0.05 | C10: 2 | D10: =C10*B10 -> 0.1
A11: Does it avoid irrelevant or excessive information? (information provided) | B11: 0.05 | C11: 2 | D11: =C11*B11 -> 0.1
A12: Is it clear and easy to understand for non-experts? | B12: 0.1 | C12: 4 | D12: =C12*B12 -> 0.4
A13: Does it help the decision-making and provide actionability? | B13: 0.15 | C13: 4 | D13: =C13*B13 -> 0.6
B14: =SUM(B5:B13) -> 1 | D14: =SUM(D5:D13) -> 3.25
A16: gwen3.5 | P
A17: Metric | B17: Weight | C17: Score [1,5] | D17: Weighted Score
A18: Does it answer the question of why this is an anomaly or performs bad? | B18: 0.15 | C18: 4 | D18: =C18*B18 -> 0.6
A19: Is all the available information used for the reasoning? (Performance/Feature Importance) | B19: 0.1 | C19: 4 | D19: =C19*B19 -> 0.4
A20: Is there a coherent argumentation and reasoning provided for the interpretation? | B20: 0.1 | C20: 3 | D20: =C20*B20 -> 0.3
A21: Is there a correct interpretation of relationships? | B21: 0.15 | C21: 2 | D21: =C21*B21 -> 0.3
A22: Is external or domain knowledge integrated into reasoning? | B22: 0.15 | C22: 3 | D22: =C22*B22 -> 0.45
A23: Does it provide a clear and concise explanation? (writing style) | B23: 0.05 | C23: 2 | D23: =C23*B23 -> 0.1
A24: Does it avoid irrelevant or excessive information? (information provided) | B24: 0.05 | C24: 2 | D24: =C24*B24 -> 0.1
A25: Is it clear and easy to understand for non-experts? | B25: 0.1 | C25: 4 | D25: =C25*B25 -> 0.4
A26: Does it help the decision-making and provide actionability? | B26: 0.15 | C26: 4 | D26: =C26*B26 -> 0.6
B27: =SUM(B18:B26) -> 1 | D27: =SUM(D18:D26) -> 3.25
A29: gwen3.5 | FI + P
A30: Metric | B30: Weight | C30: Score [1,5] | D30: Weighted Score
A31: Does it answer the question of why this is an anomaly or performs bad? | B31: 0.15 | C31: 4 | D31: =C31*B31 -> 0.6
A32: Is all the available information used for the reasoning? (Performance/Feature Importance) | B32: 0.1 | C32: 4 | D32: =C32*B32 -> 0.4
A33: Is there a coherent argumentation and reasoning provided for the interpretation? | B33: 0.1 | C33: 3 | D33: =C33*B33 -> 0.3
A34: Is there a correct interpretation of relationships? | B34: 0.15 | C34: 2 | D34: =C34*B34 -> 0.3
A35: Is external or domain knowledge integrated into reasoning? | B35: 0.15 | C35: 3 | D35: =C35*B35 -> 0.45
A36: Does it provide a clear and concise explanation? (writing style) | B36: 0.05 | C36: 2 | D36: =C36*B36 -> 0.1
A37: Does it avoid irrelevant or excessive information? (information provided) | B37: 0.05 | C37: 2 | D37: =C37*B37 -> 0.1
A38: Is it clear and easy to understand for non-experts? | B38: 0.1 | C38: 4 | D38: =C38*B38 -> 0.4
A39: Does it help the decision-making and provide actionability? | B39: 0.15 | C39: 4 | D39: =C39*B39 -> 0.6
B40: =SUM(B31:B39) -> 1 | D40: =SUM(D31:D39) -> 3.25
A42: deepseek-v3.2 | FI
A43: Metric | B43: Weight | C43: Score [1,5] | D43: Weighted Score
A44: Does it answer the question of why this is an anomaly or performs bad? | B44: 0.15 | C44: 4 | D44: =C44*B44 -> 0.6
A45: Is all the available information used for the reasoning? (Performance/Feature Importance) | B45: 0.1 | C45: 4 | D45: =C45*B45 -> 0.4
A46: Is there a coherent argumentation and reasoning provided for the interpretation? | B46: 0.1 | C46: 3 | D46: =C46*B46 -> 0.3
A47: Is there a correct interpretation of relationships? | B47: 0.15 | C47: 2 | D47: =C47*B47 -> 0.3
A48: Is external or domain knowledge integrated into reasoning? | B48: 0.15 | C48: 3 | D48: =C48*B48 -> 0.45
A49: Does it provide a clear and concise explanation? (writing style) | B49: 0.05 | C49: 2 | D49: =C49*B49 -> 0.1
A50: Does it avoid irrelevant or excessive information? (information provided) | B50: 0.05 | C50: 2 | D50: =C50*B50 -> 0.1
A51: Is it clear and easy to understand for non-experts? | B51: 0.1 | C51: 4 | D51: =C51*B51 -> 0.4
A52: Does it help the decision-making and provide actionability? | B52: 0.15 | C52: 4 | D52: =C52*B52 -> 0.6
B53: =SUM(B44:B52) -> 1 | D53: =SUM(D44:D52) -> 3.25
A55: deepseek-v3.2 | P
A56: Metric | B56: Weight | C56: Score [1,5] | D56: Weighted Score
A57: Does it answer the question of why this is an anomaly or performs bad? | B57: 0.15 | C57: 4 | D57: =C57*B57 -> 0.6
A58: Is all the available information used for the reasoning? (Performance/Feature Importance) | B58: 0.1 | C58: 4 | D58: =C58*B58 -> 0.4
A59: Is there a coherent argumentation and reasoning provided for the interpretation? | B59: 0.1 | C59: 3 | D59: =C59*B59 -> 0.3
A60: Is there a correct interpretation of relationships? | B60: 0.15 | C60: 2 | D60: =C60*B60 -> 0.3
A61: Is external or domain knowledge integrated into reasoning? | B61: 0.15 | C61: 3 | D61: =C61*B61 -> 0.45
A62: Does it provide a clear and concise explanation? (writing style) | B62: 0.05 | C62: 2 | D62: =C62*B62 -> 0.1
A63: Does it avoid irrelevant or excessive information? (information provided) | B63: 0.05 | C63: 2 | D63: =C63*B63 -> 0.1
A64: Is it clear and easy to understand for non-experts? | B64: 0.1 | C64: 4 | D64: =C64*B64 -> 0.4
A65: Does it help the decision-making and provide actionability? | B65: 0.15 | C65: 4 | D65: =C65*B65 -> 0.6
B66: =SUM(B57:B65) -> 1 | D66: =SUM(D57:D65) -> 3.25
A68: deepseek-v3.2 | FI + P
A69: Metric | B69: Weight | C69: Score [1,5] | D69: Weighted Score
A70: Does it answer the question of why this is an anomaly or performs bad? | B70: 0.15 | C70: 4 | D70: =C70*B70 -> 0.6
A71: Is all the available information used for the reasoning? (Performance/Feature Importance) | B71: 0.1 | C71: 4 | D71: =C71*B71 -> 0.4
A72: Is there a coherent argumentation and reasoning provided for the interpretation? | B72: 0.1 | C72: 3 | D72: =C72*B72 -> 0.3
A73: Is there a correct interpretation of relationships? | B73: 0.15 | C73: 2 | D73: =C73*B73 -> 0.3
A74: Is external or domain knowledge integrated into reasoning? | B74: 0.15 | C74: 3 | D74: =C74*B74 -> 0.45
A75: Does it provide a clear and concise explanation? (writing style) | B75: 0.05 | C75: 2 | D75: =C75*B75 -> 0.1
A76: Does it avoid irrelevant or excessive information? (information provided) | B76: 0.05 | C76: 2 | D76: =C76*B76 -> 0.1
A77: Is it clear and easy to understand for non-experts? | B77: 0.1 | C77: 4 | D77: =C77*B77 -> 0.4
A78: Does it help the decision-making and provide actionability? | B78: 0.15 | C78: 4 | D78: =C78*B78 -> 0.6
B79: =SUM(B70:B78) -> 1 | D79: =SUM(D70:D78) -> 3.25
A81: kimi-k2.5 | FI
A82: Metric | B82: Weight | C82: Score [1,5] | D82: Weighted Score
A83: Does it answer the question of why this is an anomaly or performs bad? | B83: 0.15 | C83: 4 | D83: =C83*B83 -> 0.6
A84: Is all the available information used for the reasoning? (Performance/Feature Importance) | B84: 0.1 | C84: 4 | D84: =C84*B84 -> 0.4
A85: Is there a coherent argumentation and reasoning provided for the interpretation? | B85: 0.1 | C85: 3 | D85: =C85*B85 -> 0.3
A86: Is there a correct interpretation of relationships? | B86: 0.15 | C86: 2 | D86: =C86*B86 -> 0.3
A87: Is external or domain knowledge integrated into reasoning? | B87: 0.15 | C87: 3 | D87: =C87*B87 -> 0.45
A88: Does it provide a clear and concise explanation? (writing style) | B88: 0.05 | C88: 2 | D88: =C88*B88 -> 0.1
A89: Does it avoid irrelevant or excessive information? (information provided) | B89: 0.05 | C89: 2 | D89: =C89*B89 -> 0.1
A90: Is it clear and easy to understand for non-experts? | B90: 0.1 | C90: 4 | D90: =C90*B90 -> 0.4
A91: Does it help the decision-making and provide actionability? | B91: 0.15 | C91: 4 | D91: =C91*B91 -> 0.6
B92: =SUM(B83:B91) -> 1 | D92: =SUM(D83:D91) -> 3.25
A94: kimi-k2.5 | P
A95: Metric | B95: Weight | C95: Score [1,5] | D95: Weighted Score
A96: Does it answer the question of why this is an anomaly or performs bad? | B96: 0.15 | C96: 4 | D96: =C96*B96 -> 0.6
A97: Is all the available information used for the reasoning? (Performance/Feature Importance) | B97: 0.1 | C97: 4 | D97: =C97*B97 -> 0.4
A98: Is there a coherent argumentation and reasoning provided for the interpretation? | B98: 0.1 | C98: 3 | D98: =C98*B98 -> 0.3
A99: Is there a correct interpretation of relationships? | B99: 0.15 | C99: 2 | D99: =C99*B99 -> 0.3
A100: Is external or domain knowledge integrated into reasoning? | B100: 0.15 | C100: 3 | D100: =C100*B100 -> 0.45
A101: Does it provide a clear and concise explanation? (writing style) | B101: 0.05 | C101: 2 | D101: =C101*B101 -> 0.1
A102: Does it avoid irrelevant or excessive information? (information provided) | B102: 0.05 | C102: 2 | D102: =C102*B102 -> 0.1
A103: Is it clear and easy to understand for non-experts? | B103: 0.1 | C103: 4 | D103: =C103*B103 -> 0.4
A104: Does it help the decision-making and provide actionability? | B104: 0.15 | C104: 4 | D104: =C104*B104 -> 0.6
B105: =SUM(B96:B104) -> 1 | D105: =SUM(D96:D104) -> 3.25
A107: kimi-k2.5 | FI + P
A108: Metric | B108: Weight | C108: Score [1,5] | D108: Weighted Score
...

Sheet d1456 #2
A1: Max Score: | B1: =B5*5 + B6*5 +B7*5+B8*5+B9*5+B10*5+B11*5+B12*5+B13*5 -> 5
F2: Input Structure:
A3: gwen3.5 | FI
A4: Metric | B4: Weight | C4: Score [1,5] | D4: Weighted Score
A5: Does it answer the question of why this is an anomaly or performs bad? | B5: 0.15 | C5: 4 | D5: =C5*B5 -> 0.6
A6: Is all the available information used for the reasoning? (Performance/Feature Importance) | B6: 0.1 | C6: 4 | D6: =C6*B6 -> 0.4
A7: Is there a coherent argumentation and reasoning provided for the interpretation? | B7: 0.1 | C7: 3 | D7: =C7*B7 -> 0.3
A8: Is there a correct interpretation of relationships? | B8: 0.15 | C8: 2 | D8: =C8*B8 -> 0.3
A9: Is external or domain knowledge integrated into reasoning? | B9: 0.15 | C9: 3 | D9: =C9*B9 -> 0.45
A10: Does it provide a clear and concise explanation? (writing style) | B10: 0.05 | C10: 2 | D10: =C10*B10 -> 0.1
A11: Does it avoid irrelevant or excessive information? (information provided) | B11: 0.05 | C11: 2 | D11: =C11*B11 -> 0.1
A12: Is it clear and easy to understand for non-experts? | B12: 0.1 | C12: 4 | D12: =C12*B12 -> 0.4
A13: Does it help the decision-making and provide actionability? | B13: 0.15 | C13: 4 | D13: =C13*B13 -> 0.6
B14: =SUM(B5:B13) -> 1 | D14: =SUM(D5:D13) -> 3.25
A16: gwen3.5 | P
A17: Metric | B17: Weight | C17: Score [1,5] | D17: Weighted Score
A18: Does it answer the question of why this is an anomaly or performs bad? | B18: 0.15 | C18: 4 | D18: =C18*B18 -> 0.6
A19: Is all the available information used for the reasoning? (Performance/Feature Importance) | B19: 0.1 | C19: 4 | D19: =C19*B19 -> 0.4
A20: Is there a coherent argumentation and reasoning provided for the interpretation? | B20: 0.1 | C20: 3 | D20: =C20*B20 -> 0.3
A21: Is there a correct interpretation of relationships? | B21: 0.15 | C21: 2 | D21: =C21*B21 -> 0.3
A22: Is external or domain knowledge integrated into reasoning? | B22: 0.15 | C22: 3 | D22: =C22*B22 -> 0.45
A23: Does it provide a clear and concise explanation? (writing style) | B23: 0.05 | C23: 2 | D23: =C23*B23 -> 0.1
A24: Does it avoid irrelevant or excessive information? (information provided) | B24: 0.05 | C24: 2 | D24: =C24*B24 -> 0.1
A25: Is it clear and easy to understand for non-experts? | B25: 0.1 | C25: 4 | D25: =C25*B25 -> 0.4
A26: Does it help the decision-making and provide actionability? | B26: 0.15 | C26: 4 | D26: =C26*B26 -> 0.6
B27: =SUM(B18:B26) -> 1 | D27: =SUM(D18:D26) -> 3.25
A29: gwen3.5 | FI + P
A30: Metric | B30: Weight | C30: Score [1,5] | D30: Weighted Score
A31: Does it answer the question of why this is an anomaly or performs bad? | B31: 0.15 | C31: 4 | D31: =C31*B31 -> 0.6
A32: Is all the available information used for the reasoning? (Performance/Feature Importance) | B32: 0.1 | C32: 4 | D32: =C32*B32 -> 0.4
A33: Is there a coherent argumentation and reasoning provided for the interpretation? | B33: 0.1 | C33: 3 | D33: =C33*B33 -> 0.3
A34: Is there a correct interpretation of relationships? | B34: 0.15 | C34: 2 | D34: =C34*B34 -> 0.3
A35: Is external or domain knowledge integrated into reasoning? | B35: 0.15 | C35: 3 | D35: =C35*B35 -> 0.45
A36: Does it provide a clear and concise explanation? (writing style) | B36: 0.05 | C36: 2 | D36: =C36*B36 -> 0.1
A37: Does it avoid irrelevant or excessive information? (information provided) | B37: 0.05 | C37: 2 | D37: =C37*B37 -> 0.1
A38: Is it clear and easy to understand for non-experts? | B38: 0.1 | C38: 4 | D38: =C38*B38 -> 0.4
A39: Does it help the decision-making and provide actionability? | B39: 0.15 | C39: 4 | D39: =C39*B39 -> 0.6
B40: =SUM(B31:B39) -> 1 | D40: =SUM(D31:D39) -> 3.25
A42: deepseek-v3.2 | FI
A43: Metric | B43: Weight | C43: Score [1,5] | D43: Weighted Score
A44: Does it answer the question of why this is an anomaly or performs bad? | B44: 0.15 | C44: 4 | D44: =C44*B44 -> 0.6
A45: Is all the available information used for the reasoning? (Performance/Feature Importance) | B45: 0.1 | C45: 4 | D45: =C45*B45 -> 0.4
A46: Is there a coherent argumentation and reasoning provided for the interpretation? | B46: 0.1 | C46: 3 | D46: =C46*B46 -> 0.3
A47: Is there a correct interpretation of relationships? | B47: 0.15 | C47: 2 | D47: =C47*B47 -> 0.3
A48: Is external or domain knowledge integrated into reasoning? | B48: 0.15 | C48: 3 | D48: =C48*B48 -> 0.45
A49: Does it provide a clear and concise explanation? (writing style) | B49: 0.05 | C49: 2 | D49: =C49*B49 -> 0.1
A50: Does it avoid irrelevant or excessive information? (information provided) | B50: 0.05 | C50: 2 | D50: =C50*B50 -> 0.1
A51: Is it clear and easy to understand for non-experts? | B51: 0.1 | C51: 4 | D51: =C51*B51 -> 0.4
A52: Does it help the decision-making and provide actionability? | B52: 0.15 | C52: 4 | D52: =C52*B52 -> 0.6
B53: =SUM(B44:B52) -> 1 | D53: =SUM(D44:D52) -> 3.25
A55: deepseek-v3.2 | P
A56: Metric | B56: Weight | C56: Score [1,5] | D56: Weighted Score
A57: Does it answer the question of why this is an anomaly or performs bad? | B57: 0.15 | C57: 4 | D57: =C57*B57 -> 0.6
A58: Is all the available information used for the reasoning? (Performance/Feature Importance) | B58: 0.1 | C58: 4 | D58: =C58*B58 -> 0.4
A59: Is there a coherent argumentation and reasoning provided for the interpretation? | B59: 0.1 | C59: 3 | D59: =C59*B59 -> 0.3
A60: Is there a correct interpretation of relationships? | B60: 0.15 | C60: 2 | D60: =C60*B60 -> 0.3
A61: Is external or domain knowledge integrated into reasoning? | B61: 0.15 | C61: 3 | D61: =C61*B61 -> 0.45
A62: Does it provide a clear and concise explanation? (writing style) | B62: 0.05 | C62: 2 | D62: =C62*B62 -> 0.1
A63: Does it avoid irrelevant or excessive information? (information provided) | B63: 0.05 | C63: 2 | D63: =C63*B63 -> 0.1
A64: Is it clear and easy to understand for non-experts? | B64: 0.1 | C64: 4 | D64: =C64*B64 -> 0.4
A65: Does it help the decision-making and provide actionability? | B65: 0.15 | C65: 4 | D65: =C65*B65 -> 0.6
B66: =SUM(B57:B65) -> 1 | D66: =SUM(D57:D65) -> 3.25
A68: deepseek-v3.2 | FI + P
A69: Metric | B69: Weight | C69: Score [1,5] | D69: Weighted Score
A70: Does it answer the question of why this is an anomaly or performs bad? | B70: 0.15 | C70: 4 | D70: =C70*B70 -> 0.6
A71: Is all the available information used for the reasoning? (Performance/Feature Importance) | B71: 0.1 | C71: 4 | D71: =C71*B71 -> 0.4
A72: Is there a coherent argumentation and reasoning provided for the interpretation? | B72: 0.1 | C72: 3 | D72: =C72*B72 -> 0.3
A73: Is there a correct interpretation of relationships? | B73: 0.15 | C73: 2 | D73: =C73*B73 -> 0.3
A74: Is external or domain knowledge integrated into reasoning? | B74: 0.15 | C74: 3 | D74: =C74*B74 -> 0.45
A75: Does it provide a clear and concise explanation? (writing style) | B75: 0.05 | C75: 2 | D75: =C75*B75 -> 0.1
A76: Does it avoid irrelevant or excessive information? (information provided) | B76: 0.05 | C76: 2 | D76: =C76*B76 -> 0.1
A77: Is it clear and easy to understand for non-experts? | B77: 0.1 | C77: 4 | D77: =C77*B77 -> 0.4
A78: Does it help the decision-making and provide actionability? | B78: 0.15 | C78: 4 | D78: =C78*B78 -> 0.6
B79: =SUM(B70:B78) -> 1 | D79: =SUM(D70:D78) -> 3.25
A81: kimi-k2.5 | FI
A82: Metric | B82: Weight | C82: Score [1,5] | D82: Weighted Score
A83: Does it answer the question of why this is an anomaly or performs bad? | B83: 0.15 | C83: 4 | D83: =C83*B83 -> 0.6
A84: Is all the available information used for the reasoning? (Performance/Feature Importance) | B84: 0.1 | C84: 4 | D84: =C84*B84 -> 0.4
A85: Is there a coherent argumentation and reasoning provided for the interpretation? | B85: 0.1 | C85: 3 | D85: =C85*B85 -> 0.3
A86: Is there a correct interpretation of relationships? | B86: 0.15 | C86: 2 | D86: =C86*B86 -> 0.3
A87: Is external or domain knowledge integrated into reasoning? | B87: 0.15 | C87: 3 | D87: =C87*B87 -> 0.45
A88: Does it provide a clear and concise explanation? (writing style) | B88: 0.05 | C88: 2 | D88: =C88*B88 -> 0.1
A89: Does it avoid irrelevant or excessive information? (information provided) | B89: 0.05 | C89: 2 | D89: =C89*B89 -> 0.1
A90: Is it clear and easy to understand for non-experts? | B90: 0.1 | C90: 4 | D90: =C90*B90 -> 0.4
A91: Does it help the decision-making and provide actionability? | B91: 0.15 | C91: 4 | D91: =C91*B91 -> 0.6
B92: =SUM(B83:B91) -> 1 | D92: =SUM(D83:D91) -> 3.25
A94: kimi-k2.5 | P
A95: Metric | B95: Weight | C95: Score [1,5] | D95: Weighted Score
A96: Does it answer the question of why this is an anomaly or performs bad? | B96: 0.15 | C96: 4 | D96: =C96*B96 -> 0.6
A97: Is all the available information used for the reasoning? (Performance/Feature Importance) | B97: 0.1 | C97: 4 | D97: =C97*B97 -> 0.4
A98: Is there a coherent argumentation and reasoning provided for the interpretation? | B98: 0.1 | C98: 3 | D98: =C98*B98 -> 0.3
A99: Is there a correct interpretation of relationships? | B99: 0.15 | C99: 2 | D99: =C99*B99 -> 0.3
A100: Is external or domain knowledge integrated into reasoning? | B100: 0.15 | C100: 3 | D100: =C100*B100 -> 0.45
A101: Does it provide a clear and concise explanation? (writing style) | B101: 0.05 | C101: 2 | D101: =C101*B101 -> 0.1
A102: Does it avoid irrelevant or excessive information? (information provided) | B102: 0.05 | C102: 2 | D102: =C102*B102 -> 0.1
A103: Is it clear and easy to understand for non-experts? | B103: 0.1 | C103: 4 | D103: =C103*B103 -> 0.4
A104: Does it help the decision-making and provide actionability? | B104: 0.15 | C104: 4 | D104: =C104*B104 -> 0.6
B105: =SUM(B96:B104) -> 1 | D105: =SUM(D96:D104) -> 3.25
A107: kimi-k2.5 | FI + P
A108: Metric | B108: Weight | C108: Score [1,5] | D108: Weighted Score
...
